method	disorder	threshold_label	score_col	PrimaryDx	n	mean_z	sd_z	median_z	iqr_z
Shizhong_C+T	BPD	1e-08	Shizhong_BPD_Pt_1e-08	Control	40	-0.0988867606871905	0.85281973613155	-0.0278646015170532	0.950080688325757
Shizhong_C+T	SCZD	0.6	Shizhong_SCZD_Pt_0.6	Control	40	-0.201418424377254	0.926378345083842	-0.287388319422244	1.1041463168553
GraphPred_bcftools	MDD	NA	GraphPred_MDD	Control	40	-0.304402094861476	0.916910103214241	-0.316465739283356	1.0479359677585
Shizhong_C+T	MDD	0.7	Shizhong_MDD_Pt_0.7	Control	40	-0.0532145980247474	1.04132063267519	0.0260341852833755	1.1793964973711
Shizhong_C+T	SCZD	0.5	Shizhong_SCZD_Pt_0.5	Control	40	-0.207115635519212	0.942351321514643	-0.334174435049034	1.12563086280614
Shizhong_C+T	MDD	0.6	Shizhong_MDD_Pt_0.6	Control	40	-0.0585695291477593	1.04235349729692	0.0302038597554644	1.2193129321923
Shizhong_C+T	SCZD	0.4	Shizhong_SCZD_Pt_0.4	Control	40	-0.213143219686294	0.951641756251949	-0.376805385132276	1.07020957328031
PRSice_C+T	MDD	1e-06	PRSice_MDD_Pt_1e-06	Control	40	-0.196115105993943	1.1580488528455	-0.191689367791852	1.11258339525414
Shizhong_C+T	SCZD	0.3	Shizhong_SCZD_Pt_0.3	Control	40	-0.215275024959557	0.957182433501398	-0.281861048346857	0.95149828390433
PRSice_C+T	SCZD	0.5	PRSice_SCZD_Pt_0.5	Control	40	-0.172425318611235	0.892524005427255	-0.274639161441425	1.26439420938774
Shizhong_C+T	MDD	0.4	Shizhong_MDD_Pt_0.4	Control	40	-0.0681569345427669	1.03920420373765	0.00738784239383554	1.19147401726568
PRSice_C+T	SCZD	0.1	PRSice_SCZD_Pt_0.1	Control	40	-0.301341187897132	1.01400263930671	-0.359123204570333	1.45376192811246
Shizhong_C+T	SCZD	0.2	Shizhong_SCZD_Pt_0.2	Control	40	-0.242197269868403	0.967695708338579	-0.347177768066319	1.19401891670323
PRSice_C+T	SCZD	0.05	PRSice_SCZD_Pt_0.05	Control	40	-0.285580015276288	0.978245007007876	-0.347404886782516	1.50905919943384
Shizhong_C+T	SCZD	0.1	Shizhong_SCZD_Pt_0.1	Control	40	-0.274792425559797	0.958406625955811	-0.313027589047212	1.24230333319835
Shizhong_C+T	BPD	0.4	Shizhong_BPD_Pt_0.4	Control	40	-0.0452166171924505	1.03824736091169	-0.0835889487804606	1.62140349932755
Shizhong_C+T	SCZD	0.05	Shizhong_SCZD_Pt_0.05	Control	40	-0.290305064761836	0.923800762454563	-0.210220132546595	1.20592575670764
Shizhong_C+T	MDD	0.2	Shizhong_MDD_Pt_0.2	Control	40	-0.0936366324811095	1.03208115663779	-0.109079649722792	1.13430886854967
PRSice_C+T	SCZD	0.001	PRSice_SCZD_Pt_0.001	Control	40	-0.204133829415587	1.0903161048931	0.11877693722283	1.31083428750335
Shizhong_C+T	SCZD	0.01	Shizhong_SCZD_Pt_0.01	Control	40	-0.278863677660471	0.964671346365849	-0.236824278293105	1.56321341278803
PRSice_C+T	SCZD	1e-04	PRSice_SCZD_Pt_0.0001	Control	40	-0.189206055450589	1.03346958049121	0.0181055064079775	1.03809715702259
Shizhong_C+T	SCZD	0.001	Shizhong_SCZD_Pt_0.001	Control	40	-0.194597723645868	1.05792901442705	0.0649810332919728	1.33258685034717
PRSice_C+T	BPD	0.001	PRSice_BPD_Pt_0.001	Control	40	-0.0310619577174881	0.815541469351966	0.0741744531831216	1.08529066323118
Shizhong_C+T	SCZD	1e-04	Shizhong_SCZD_Pt_1e-04	Control	40	-0.150748001715475	0.978690246971383	-0.22939003381346	1.38361204529235
Shizhong_C+T	MDD	0.01	Shizhong_MDD_Pt_0.01	Control	40	-0.0996071410739572	0.977288513026939	0.11853101670153	1.44975510762839
PRSice_C+T	SCZD	1e-06	PRSice_SCZD_Pt_1e-06	Control	40	-0.120787201460247	1.00029109596585	0.173220339182496	1.02971546526508
Shizhong_C+T	SCZD	1e-05	Shizhong_SCZD_Pt_1e-05	Control	40	-0.191896714661401	0.913747766420025	-0.0102835924583544	1.14194920968299
PRSice_C+T	SCZD	5e-08	PRSice_SCZD_Pt_5e-08	Control	40	-0.0978693590641208	0.996073242733498	0.141367549344015	1.07536463843189
Shizhong_C+T	SCZD	1e-06	Shizhong_SCZD_Pt_1e-06	Control	40	-0.138159776646733	0.943914015150324	0.246579884707855	1.26656545650071
PRSice_C+T	MDD	1	PRSice_MDD_Pt_1	Control	40	-0.113780236840531	1.06654364944168	-0.061890561439387	1.22010327229156
Shizhong_C+T	SCZD	1e-07	Shizhong_SCZD_Pt_1e-07	Control	40	-0.103119193219137	0.959763542870497	0.00475283053271684	1.23681626753577
Shizhong_C+T	MDD	1e-05	Shizhong_MDD_Pt_1e-05	Control	40	-0.183259080342549	1.05964567228481	-0.235462909135579	1.2859904853961
PRSice_C+T	MDD	0.5	PRSice_MDD_Pt_0.5	Control	40	-0.142164250572109	1.05175158071332	-0.0505599730875578	1.20183124010488
Shizhong_C+T	MDD	1e-06	Shizhong_MDD_Pt_1e-06	Control	40	-0.21655759323009	1.13255219574685	-0.28976110565845	1.21351431107116
Shizhong_C+T	SCZD	1e-08	Shizhong_SCZD_Pt_1e-08	Control	40	-0.143673379574596	0.957853724457718	-0.0613083885101475	1.4103174209837
Shizhong_C+T	MDD	1e-07	Shizhong_MDD_Pt_1e-07	Control	40	-0.226562775013577	1.10990661334916	-0.436813207981559	1.59061239708685
Shizhong_C+T	MDD	1	Shizhong_MDD_Pt_1	Control	40	-0.0508787021831839	1.04688825967582	0.0352310772296712	1.21117840465658
GraphPred_bcftools	SCZD	NA	GraphPred_SCZD	Control	40	-0.224241438246062	0.982353072284441	-0.27843318720108	1.36141867454873
Shizhong_C+T	MDD	0.9	Shizhong_MDD_Pt_0.9	Control	40	-0.0507557217988217	1.04749602183912	0.0365308948128171	1.20883110509584
Shizhong_C+T	MDD	1e-08	Shizhong_MDD_Pt_1e-08	Control	40	-0.0711588522746708	1.043773286126	-0.264381404515082	1.42806860452343
PRSice_C+T	MDD	0.001	PRSice_MDD_Pt_0.001	Control	40	-0.154334226702475	0.977239139754027	-0.269283597100005	1.2405196339306
Shizhong_C+T	MDD	0.8	Shizhong_MDD_Pt_0.8	Control	40	-0.0522405339400569	1.04884342310302	0.0344471606992866	1.20040313028906
PRSice_C+T	MDD	1e-04	PRSice_MDD_Pt_0.0001	Control	40	-0.226002084617632	1.06306203564275	-0.304611511815103	1.05441218940189
Shizhong_C+T	BPD	0.9	Shizhong_BPD_Pt_0.9	Control	40	-0.0489122556939661	1.03960323831711	-0.119919506224711	1.68777502488613
GraphPred_bcftools	BPD	NA	GraphPred_BPD	Control	40	-0.152320616033349	0.945148290454053	-0.377834931404533	1.4395418885069
PRSice_C+T	BPD	0.05	PRSice_BPD_Pt_0.05	Control	40	-0.0637348565242501	0.974107954262157	-0.0968724419457089	1.35026480881564
PRSice_C+T	SCZD	1	PRSice_SCZD_Pt_1	Control	40	-0.180409020120923	0.891466167878898	-0.225434695448376	1.13912819835388
PRSice_C+T	BPD	0.01	PRSice_BPD_Pt_0.01	Control	40	-0.0325164404847093	1.00053180507835	0.0064643025860434	1.27785128580524
Shizhong_C+T	MDD	0.5	Shizhong_MDD_Pt_0.5	Control	40	-0.0688971973110477	1.03768691184424	-0.0356189925076136	1.22084887860404
PRSice_C+T	MDD	5e-08	PRSice_MDD_Pt_5e-08	Control	40	-0.133063707036124	1.16572478802261	-0.148121335087142	1.26645775084483
Shizhong_C+T	BPD	0.6	Shizhong_BPD_Pt_0.6	Control	40	-0.0580708466972257	1.03965064356554	-0.122708825280846	1.75622560742157
PRSice_C+T	BPD	1	PRSice_BPD_Pt_1	Control	40	-0.123705366126294	1.0438765035325	-0.206704535074961	1.7154698028193
Shizhong_C+T	MDD	0.3	Shizhong_MDD_Pt_0.3	Control	40	-0.0654796066851291	1.05631184382389	-0.0389333971809993	1.05910150740095
Shizhong_C+T	BPD	0.5	Shizhong_BPD_Pt_0.5	Control	40	-0.0560914704231957	1.04165726682038	-0.102001797718194	1.66283351407467
PRSice_C+T	BPD	0.5	PRSice_BPD_Pt_0.5	Control	40	-0.118672119911126	1.04602629165388	-0.146682966976196	1.7553191602675
Shizhong_C+T	MDD	1e-04	Shizhong_MDD_Pt_1e-04	Control	40	-0.231437208057141	0.989136168817099	-0.26499774430775	1.05161909101779
PRSice_C+T	SCZD	0.01	PRSice_SCZD_Pt_0.01	Control	40	-0.239930351223085	1.05066585472396	0.000814695587237669	1.28570996011183
Shizhong_C+T	BPD	0.3	Shizhong_BPD_Pt_0.3	Control	40	-0.0445717515044321	1.06143118951494	-0.068523287463857	1.68723966239091
PRSice_C+T	BPD	5e-08	PRSice_BPD_Pt_5e-08	Control	40	-0.141198431549466	0.974784336953676	-0.0468010566406019	1.05045364275035
Shizhong_C+T	MDD	0.1	Shizhong_MDD_Pt_0.1	Control	40	-0.0959551085283256	1.00011616437602	-0.00684290984450021	1.02990821974722
Shizhong_C+T	SCZD	1	Shizhong_SCZD_Pt_1	Control	40	-0.203060020133913	0.92553708804875	-0.33150510663994	1.09134383007187
Shizhong_C+T	MDD	0.05	Shizhong_MDD_Pt_0.05	Control	40	-0.0957362763723335	1.02645585624084	-0.103229180809298	1.41489282049018
Shizhong_C+T	BPD	1e-05	Shizhong_BPD_Pt_1e-05	Control	40	-0.13562353690817	0.881093802777185	-0.126630903228765	1.31198205776824
Shizhong_C+T	BPD	0.1	Shizhong_BPD_Pt_0.1	Control	40	-0.0680531288408564	1.06000782537251	-0.1944818661507	1.77157153656668
PRSice_C+T	BPD	1e-04	PRSice_BPD_Pt_0.0001	Control	40	-0.0151970238959794	0.878142710927853	0.0217460055828317	0.942874018136401
Shizhong_C+T	BPD	0.05	Shizhong_BPD_Pt_0.05	Control	40	-0.0404982482479821	1.02940216768685	0.0158593265266772	1.62967151634579
Shizhong_C+T	MDD	0.001	Shizhong_MDD_Pt_0.001	Control	40	-0.131993464082503	0.908612406936468	-0.328879799773414	1.14292835557143
Shizhong_C+T	SCZD	0.7	Shizhong_SCZD_Pt_0.7	Control	40	-0.19916001435628	0.924493800173911	-0.307463700287799	1.0409170086135
Shizhong_C+T	BPD	1	Shizhong_BPD_Pt_1	Control	40	-0.0496455656232624	1.04003710908273	-0.119928733432453	1.69141967070568
PRSice_C+T	BPD	1e-06	PRSice_BPD_Pt_1e-06	Control	40	-0.0740336167017792	0.946223649368951	0.0422656422116714	1.41024325889043
Shizhong_C+T	BPD	0.001	Shizhong_BPD_Pt_0.001	Control	40	-0.151993731319025	0.94332280627484	0.0215191684690361	1.2617032932028
Shizhong_C+T	BPD	0.7	Shizhong_BPD_Pt_0.7	Control	40	-0.0569046916905927	1.03691298847107	-0.128365867201272	1.67345790752858
Shizhong_C+T	BPD	1e-04	Shizhong_BPD_Pt_1e-04	Control	40	-0.112708689316358	0.924321558032387	-0.0797766815289397	1.52785879587709
Shizhong_C+T	BPD	0.8	Shizhong_BPD_Pt_0.8	Control	40	-0.0544006595339842	1.03504986138821	-0.12770740676762	1.65966898762189
PRSice_C+T	MDD	0.1	PRSice_MDD_Pt_0.1	Control	40	-0.157286895857347	0.992827552583945	-0.0746595270343087	1.13991771273518
Shizhong_C+T	BPD	1e-07	Shizhong_BPD_Pt_1e-07	Control	40	-0.172584015088818	0.848253573126152	-0.270002760919112	1.13638424932672
PRSice_C+T	MDD	0.05	PRSice_MDD_Pt_0.05	Control	40	-0.170043639177369	0.999145637909523	-0.157073926683006	1.0940195097125
Shizhong_C+T	BPD	1e-06	Shizhong_BPD_Pt_1e-06	Control	40	-0.109168211862963	0.930799702628891	-0.0112763934587097	1.53739223018442
PRSice_C+T	MDD	0.01	PRSice_MDD_Pt_0.01	Control	40	-0.176074496858952	0.956187659911716	-0.0327755804925833	1.05712985521404
PRSice_C+T	BPD	0.1	PRSice_BPD_Pt_0.1	Control	40	-0.109600266773403	1.03165447762662	-0.256154081816553	1.45941703359023
Shizhong_C+T	BPD	0.2	Shizhong_BPD_Pt_0.2	Control	40	-0.0240377340651646	1.07299048286845	-0.113149704264748	1.67760771484433
Shizhong_C+T	BPD	0.01	Shizhong_BPD_Pt_0.01	Control	40	0.00567788988174843	1.08828899562712	-0.000741145156297386	1.68261953230234
Shizhong_C+T	SCZD	0.8	Shizhong_SCZD_Pt_0.8	Control	40	-0.201189958753831	0.926590046579228	-0.331943254549164	1.10059555196002
Shizhong_C+T	SCZD	0.9	Shizhong_SCZD_Pt_0.9	Control	40	-0.202126984439785	0.925610716397844	-0.327989614933326	1.09402974968811
Shizhong_C+T	BPD	0.9	Shizhong_BPD_Pt_0.9	MDD	39	-0.169719449830326	0.903581132090485	-0.224109943583202	1.27669972537849
Shizhong_C+T	SCZD	0.05	Shizhong_SCZD_Pt_0.05	MDD	39	-0.140362422515645	0.907405580130439	-0.167274959788048	0.782986511992867
Shizhong_C+T	SCZD	0.1	Shizhong_SCZD_Pt_0.1	MDD	39	-0.133279692893411	0.905131337561043	-0.243579651307508	0.869942113948774
PRSice_C+T	SCZD	0.05	PRSice_SCZD_Pt_0.05	MDD	39	-0.0870020961319284	0.978078815113261	-0.130650437807654	1.29200133900527
Shizhong_C+T	SCZD	0.001	Shizhong_SCZD_Pt_0.001	MDD	39	-0.156987004346672	1.00223796485585	-0.138810956511201	1.61735578974101
Shizhong_C+T	BPD	0.4	Shizhong_BPD_Pt_0.4	MDD	39	-0.183639798812407	0.923365157846922	-0.133478287221311	1.29048857892468
Shizhong_C+T	SCZD	0.01	Shizhong_SCZD_Pt_0.01	MDD	39	-0.0645629495011971	0.938286825101611	-0.0369722267250329	1.42928222037803
Shizhong_C+T	BPD	1	Shizhong_BPD_Pt_1	MDD	39	-0.169245651619193	0.902853238899253	-0.226424123857786	1.27339683924964
Shizhong_C+T	SCZD	0.2	Shizhong_SCZD_Pt_0.2	MDD	39	-0.110983508593126	0.903539313505973	-0.155668909034012	0.909020091014919
PRSice_C+T	SCZD	0.1	PRSice_SCZD_Pt_0.1	MDD	39	-0.0217309343026685	0.954678961452854	-0.0838646224004265	1.10215867507007
Shizhong_C+T	SCZD	1e-04	Shizhong_SCZD_Pt_1e-04	MDD	39	-0.181496011200102	1.09309364053953	-0.0863513552549932	1.37620797576271
Shizhong_C+T	MDD	0.01	Shizhong_MDD_Pt_0.01	MDD	39	-0.113379119300369	1.06604038214265	-0.0793871003015741	1.31467876976947
Shizhong_C+T	SCZD	1e-06	Shizhong_SCZD_Pt_1e-06	MDD	39	-0.171118476397049	1.19685578985001	0.147660176942059	1.45224611133894
Shizhong_C+T	MDD	0.001	Shizhong_MDD_Pt_0.001	MDD	39	-0.0606786046899823	1.14052410089298	-0.108606041433531	1.40375859937763
PRSice_C+T	BPD	1e-04	PRSice_BPD_Pt_0.0001	MDD	39	-0.304728857603625	1.13825869091292	-0.322376983815809	1.5948688088087
Shizhong_C+T	MDD	0.8	Shizhong_MDD_Pt_0.8	MDD	39	-0.199618482442837	1.00648724360121	-0.312532057508714	1.1904797462176
Shizhong_C+T	SCZD	0.4	Shizhong_SCZD_Pt_0.4	MDD	39	-0.144709282274474	0.875332573175975	-0.0921165904032922	1.00725606896969
Shizhong_C+T	MDD	0.7	Shizhong_MDD_Pt_0.7	MDD	39	-0.201730924706061	1.01157713830052	-0.288144209991891	1.16686766003086
Shizhong_C+T	SCZD	1e-07	Shizhong_SCZD_Pt_1e-07	MDD	39	-0.231113466598783	1.21140351365814	-0.0165743197755946	1.6548980252098
Shizhong_C+T	MDD	0.6	Shizhong_MDD_Pt_0.6	MDD	39	-0.192878565252847	1.0179628101356	-0.311603434329772	1.17511324535992
Shizhong_C+T	MDD	0.05	Shizhong_MDD_Pt_0.05	MDD	39	-0.116042787783562	1.02330820977519	-0.0189431435817865	1.42318106932006
Shizhong_C+T	BPD	0.1	Shizhong_BPD_Pt_0.1	MDD	39	-0.234681550011246	0.89746062715018	-0.207320891660301	1.48419134891008
PRSice_C+T	BPD	0.001	PRSice_BPD_Pt_0.001	MDD	39	-0.220587531596862	1.06854736709019	-0.0919691559109572	1.7458411760635
Shizhong_C+T	MDD	0.4	Shizhong_MDD_Pt_0.4	MDD	39	-0.18609944758272	1.01165649883238	-0.277414227765539	1.14824259799154
Shizhong_C+T	SCZD	0.7	Shizhong_SCZD_Pt_0.7	MDD	39	-0.158795898079554	0.908265516581375	-0.117136594373807	1.11780411762511
Shizhong_C+T	SCZD	0.6	Shizhong_SCZD_Pt_0.6	MDD	39	-0.148339261109186	0.898731809285604	-0.114779349746289	1.10906675498746
Shizhong_C+T	BPD	1e-08	Shizhong_BPD_Pt_1e-08	MDD	39	-0.0262874139771868	1.17232501067283	-0.0728870951829381	1.49064484023452
Shizhong_C+T	BPD	0.5	Shizhong_BPD_Pt_0.5	MDD	39	-0.159922006226485	0.911388949501645	-0.154958279058156	1.30596567037818
Shizhong_C+T	SCZD	0.5	Shizhong_SCZD_Pt_0.5	MDD	39	-0.151826552683655	0.890144098037971	-0.087968618411663	1.04826506499387
Shizhong_C+T	MDD	0.2	Shizhong_MDD_Pt_0.2	MDD	39	-0.20046614693629	0.99284740753593	-0.246038219530606	0.999538885905191
GraphPred_bcftools	MDD	NA	GraphPred_MDD	MDD	39	-0.04656006692344	1.01023437979353	-0.196690447095031	1.37373571344394
Shizhong_C+T	MDD	0.1	Shizhong_MDD_Pt_0.1	MDD	39	-0.162257008398227	1.03632915599804	-0.17474575504606	1.05478307189693
Shizhong_C+T	SCZD	1e-08	Shizhong_SCZD_Pt_1e-08	MDD	39	-0.174986280161495	1.23263494922835	-0.0900325989977144	1.6952213673738
Shizhong_C+T	BPD	0.8	Shizhong_BPD_Pt_0.8	MDD	39	-0.166701655578157	0.90114457811774	-0.232053630288444	1.29868745760387
Shizhong_C+T	MDD	1	Shizhong_MDD_Pt_1	MDD	39	-0.199961632568322	1.00736113688138	-0.318090977860714	1.19904022927415
PRSice_C+T	SCZD	0.5	PRSice_SCZD_Pt_0.5	MDD	39	-0.0807341969770157	0.997816357068825	-0.126900343278408	1.32061641920893
Shizhong_C+T	SCZD	1e-05	Shizhong_SCZD_Pt_1e-05	MDD	39	-0.119277698649234	1.14049138953757	0.0160334197581367	1.33166012158639
Shizhong_C+T	BPD	0.6	Shizhong_BPD_Pt_0.6	MDD	39	-0.160335263940267	0.90971497336478	-0.0982991913870742	1.33206859248834
PRSice_C+T	BPD	1	PRSice_BPD_Pt_1	MDD	39	-0.138131130082533	0.949747269029453	-0.0644131262107198	1.19324208980627
Shizhong_C+T	MDD	0.3	Shizhong_MDD_Pt_0.3	MDD	39	-0.184541479784141	0.992259134322101	-0.221188259443231	1.04190660822031
PRSice_C+T	MDD	0.01	PRSice_MDD_Pt_0.01	MDD	39	-0.109444363462525	1.07536434991174	-0.242540707925387	1.24017926090488
PRSice_C+T	BPD	0.5	PRSice_BPD_Pt_0.5	MDD	39	-0.13935875973116	0.95030274383895	-0.243220987547598	1.21885667744103
PRSice_C+T	MDD	0.001	PRSice_MDD_Pt_0.001	MDD	39	-0.134500142769475	1.12284217977496	-0.184106048603391	1.31952928842015
Shizhong_C+T	BPD	0.3	Shizhong_BPD_Pt_0.3	MDD	39	-0.230680728165803	0.906364114612748	-0.230225364380219	1.27352069247703
PRSice_C+T	SCZD	0.01	PRSice_SCZD_Pt_0.01	MDD	39	0.00785465600038957	1.03167581256503	0.118516355449679	1.24029401157323
Shizhong_C+T	SCZD	0.3	Shizhong_SCZD_Pt_0.3	MDD	39	-0.130115652955322	0.892694607185828	-0.127237863090904	0.983705162003977
PRSice_C+T	SCZD	0.001	PRSice_SCZD_Pt_0.001	MDD	39	-0.161265277430834	1.04520730819809	-0.0667850658197703	1.48213756755939
PRSice_C+T	SCZD	1	PRSice_SCZD_Pt_1	MDD	39	-0.0782644667847438	0.979258110670693	-0.119406660831014	1.29557689916566
PRSice_C+T	SCZD	1e-04	PRSice_SCZD_Pt_0.0001	MDD	39	-0.158721522515733	1.15376056249943	0.106571087030692	1.3228580750635
Shizhong_C+T	MDD	0.5	Shizhong_MDD_Pt_0.5	MDD	39	-0.186895790383185	1.01746511530864	-0.317550706311631	1.13187524803133
Shizhong_C+T	BPD	0.05	Shizhong_BPD_Pt_0.05	MDD	39	-0.198213470217487	0.973441978667789	-0.250133035911381	1.3861573817194
GraphPred_bcftools	SCZD	NA	GraphPred_SCZD	MDD	39	-0.151850737339501	1.00253086539757	-0.0562559460580932	1.24116127213953
PRSice_C+T	SCZD	1e-06	PRSice_SCZD_Pt_1e-06	MDD	39	-0.20399503492249	1.21663259070873	0.262312962563154	1.44476138413849
Shizhong_C+T	MDD	1e-08	Shizhong_MDD_Pt_1e-08	MDD	39	-0.000690309801067633	1.1934099338795	-0.02902139615977	1.10865800857096
PRSice_C+T	SCZD	5e-08	PRSice_SCZD_Pt_5e-08	MDD	39	-0.215565619018572	1.2583407344683	0.373453266817061	1.39191371011569
Shizhong_C+T	MDD	1e-06	Shizhong_MDD_Pt_1e-06	MDD	39	-0.0708080633178528	0.980298481074582	-0.17874619682242	1.18726211555582
PRSice_C+T	MDD	1	PRSice_MDD_Pt_1	MDD	39	-0.221171570892458	0.989850601603785	-0.417544452355969	1.26180591985802
PRSice_C+T	MDD	1e-04	PRSice_MDD_Pt_0.0001	MDD	39	-0.161299629619331	1.0121078135509	-0.126869310333946	1.30428687821425
PRSice_C+T	BPD	0.05	PRSice_BPD_Pt_0.05	MDD	39	-0.170588113227357	0.992398766699884	-0.260859717193137	1.26865652728434
Shizhong_C+T	MDD	0.9	Shizhong_MDD_Pt_0.9	MDD	39	-0.200893022984145	1.00744985752879	-0.316182820276109	1.19963665988193
Shizhong_C+T	BPD	0.2	Shizhong_BPD_Pt_0.2	MDD	39	-0.242804833319883	0.938829496719561	-0.273792409164062	1.15017064984808
Shizhong_C+T	MDD	1e-07	Shizhong_MDD_Pt_1e-07	MDD	39	0.0674869547090315	1.07455532476481	0.129110411093138	1.05074058116629
Shizhong_C+T	BPD	0.7	Shizhong_BPD_Pt_0.7	MDD	39	-0.160468288599258	0.897198882433323	-0.173594459296647	1.28717222837334
PRSice_C+T	BPD	1e-06	PRSice_BPD_Pt_1e-06	MDD	39	-0.284659016816768	1.18481917022135	-0.020834246584177	1.08266663194049
Shizhong_C+T	SCZD	0.8	Shizhong_SCZD_Pt_0.8	MDD	39	-0.159257809236981	0.899025718405677	-0.0906807780334214	1.07712729288076
Shizhong_C+T	BPD	1e-07	Shizhong_BPD_Pt_1e-07	MDD	39	-0.158334953155465	1.25228123174491	-0.230953471429258	1.40179467221241
Shizhong_C+T	BPD	1e-05	Shizhong_BPD_Pt_1e-05	MDD	39	-0.215651353844126	1.0701349233331	-0.167382139384064	1.54088949107391
PRSice_C+T	BPD	0.01	PRSice_BPD_Pt_0.01	MDD	39	-0.165455339641875	0.980940699174124	-0.027839379830502	1.23830677264129
GraphPred_bcftools	BPD	NA	GraphPred_BPD	MDD	39	-0.140810830303957	1.06997261684603	-0.217575883761149	0.892591252645201
Shizhong_C+T	MDD	1e-04	Shizhong_MDD_Pt_1e-04	MDD	39	-0.18277635612428	0.935987919060318	-0.137917371071913	0.973692319792695
PRSice_C+T	BPD	0.1	PRSice_BPD_Pt_0.1	MDD	39	-0.205918956267975	0.91797214726921	-0.269816593941452	1.09855733545911
Shizhong_C+T	BPD	0.01	Shizhong_BPD_Pt_0.01	MDD	39	-0.12579328463003	0.914647660513863	-0.0553125894471947	1.08056971963056
PRSice_C+T	MDD	5e-08	PRSice_MDD_Pt_5e-08	MDD	39	0.00246339285230989	1.12439586099374	-0.0490599777636792	1.14419714046303
PRSice_C+T	MDD	0.5	PRSice_MDD_Pt_0.5	MDD	39	-0.22265773962112	0.978511140746061	-0.371048575548386	1.31439336011148
PRSice_C+T	MDD	1e-06	PRSice_MDD_Pt_1e-06	MDD	39	-0.0884469373488328	1.06933863622784	-0.115269511779417	1.32125381305287
Shizhong_C+T	BPD	1e-04	Shizhong_BPD_Pt_1e-04	MDD	39	-0.18203968242326	1.01014555883444	-0.275496624451576	1.74956609847364
PRSice_C+T	MDD	0.1	PRSice_MDD_Pt_0.1	MDD	39	-0.233652355683283	1.04892717681152	-0.406169340780311	1.45651789158984
Shizhong_C+T	MDD	1e-05	Shizhong_MDD_Pt_1e-05	MDD	39	-0.148352076457846	1.00972412819961	-0.282275131211093	1.30799169626519
Shizhong_C+T	BPD	1e-06	Shizhong_BPD_Pt_1e-06	MDD	39	-0.196691948336419	1.15158739496891	-0.164734727604286	1.42804275003492
PRSice_C+T	MDD	0.05	PRSice_MDD_Pt_0.05	MDD	39	-0.146727897535157	1.03500626159268	-0.10019089356566	1.6216238439633
PRSice_C+T	BPD	5e-08	PRSice_BPD_Pt_5e-08	MDD	39	-0.155185578612053	1.24419251475649	0.177330999819309	1.19408049030668
Shizhong_C+T	SCZD	0.9	Shizhong_SCZD_Pt_0.9	MDD	39	-0.158499687781899	0.901301309538414	-0.0949525676416721	1.09753661787551
Shizhong_C+T	BPD	0.001	Shizhong_BPD_Pt_0.001	MDD	39	-0.0365143682404449	1.0041895442272	-0.23646215522575	1.43176779822237
Shizhong_C+T	SCZD	1	Shizhong_SCZD_Pt_1	MDD	39	-0.157433035026762	0.902356155525532	-0.0870570395947987	1.10637611423264
Shizhong_C+T	SCZD	0.05	Shizhong_SCZD_Pt_0.05	Bipolar	40	0.42715842671459	1.03763107096399	0.451150413610111	1.38667506700941
Shizhong_C+T	SCZD	0.1	Shizhong_SCZD_Pt_0.1	Bipolar	40	0.404740126130891	1.02255380802452	0.483392825450887	1.25311820059776
Shizhong_C+T	BPD	1e-08	Shizhong_BPD_Pt_1e-08	Bipolar	40	0.124516989314947	0.965717788903082	0.178756485485311	1.40185922335494
Shizhong_C+T	SCZD	0.6	Shizhong_SCZD_Pt_0.6	Bipolar	40	0.346049203958707	1.09271283427249	0.378642186146092	1.38352879399902
PRSice_C+T	BPD	0.01	PRSice_BPD_Pt_0.01	Bipolar	40	0.193835396635538	1.00995542894715	0.255780396358549	1.57407928389302
PRSice_C+T	SCZD	0.1	PRSice_SCZD_Pt_0.1	Bipolar	40	0.322528848842233	0.953466313280457	0.340886208868314	0.959206415347298
Shizhong_C+T	SCZD	0.5	Shizhong_SCZD_Pt_0.5	Bipolar	40	0.355146524385793	1.08127891411323	0.4040741671977	1.37589400376262
Shizhong_C+T	SCZD	1e-06	Shizhong_SCZD_Pt_1e-06	Bipolar	40	0.305000291133856	0.7711445273265	0.344946773104064	0.969455010539327
Shizhong_C+T	BPD	1e-07	Shizhong_BPD_Pt_1e-07	Bipolar	40	0.326960594415397	0.78284469989812	0.162271447300087	0.928861726911177
PRSice_C+T	BPD	1e-04	PRSice_BPD_Pt_0.0001	Bipolar	40	0.312307660059514	0.893846387817586	0.163523496218096	0.819286531204752
Shizhong_C+T	MDD	1	Shizhong_MDD_Pt_1	Bipolar	40	0.245841293937297	0.914484631707008	0.38151850795069	1.32674394944352
Shizhong_C+T	MDD	1e-08	Shizhong_MDD_Pt_1e-08	Bipolar	40	0.0718319043307118	0.733473728661757	0.104623098736823	0.708081367466616
Shizhong_C+T	MDD	0.3	Shizhong_MDD_Pt_0.3	Bipolar	40	0.245407549474666	0.922112548429225	0.378136849250184	1.3803720173841
Shizhong_C+T	MDD	0.7	Shizhong_MDD_Pt_0.7	Bipolar	40	0.249902249613157	0.914652942690073	0.375164026855283	1.32279071833409
Shizhong_C+T	MDD	0.6	Shizhong_MDD_Pt_0.6	Bipolar	40	0.246626130269284	0.909042275985679	0.389235233837468	1.27048906906838
Shizhong_C+T	MDD	0.4	Shizhong_MDD_Pt_0.4	Bipolar	40	0.249603895935918	0.919343231258257	0.366457412554916	1.28615287123089
Shizhong_C+T	SCZD	1e-04	Shizhong_SCZD_Pt_1e-04	Bipolar	40	0.327706612635572	0.858601353912375	0.414311605651688	1.48313112590014
Shizhong_C+T	MDD	0.05	Shizhong_MDD_Pt_0.05	Bipolar	40	0.208877994461307	0.940268497747561	0.238561299866732	1.24342885043002
Shizhong_C+T	SCZD	0.7	Shizhong_SCZD_Pt_0.7	Bipolar	40	0.353986014983825	1.08293189547705	0.379268429108279	1.37672040685138
Shizhong_C+T	SCZD	0.3	Shizhong_SCZD_Pt_0.3	Bipolar	40	0.34213778659096	1.07165811291763	0.353376252251031	1.38331181346059
PRSice_C+T	BPD	1	PRSice_BPD_Pt_1	Bipolar	40	0.258383217956763	0.976638299663522	0.332961739177435	1.5396680751699
Shizhong_C+T	MDD	0.9	Shizhong_MDD_Pt_0.9	Bipolar	40	0.246626419208362	0.913278701528489	0.373405027599165	1.32364802104379
Shizhong_C+T	BPD	0.5	Shizhong_BPD_Pt_0.5	Bipolar	40	0.212015426494047	1.02779105559345	0.322238458349695	1.39025473651094
Shizhong_C+T	BPD	0.6	Shizhong_BPD_Pt_0.6	Bipolar	40	0.214397729039027	1.03058001509734	0.304618271976235	1.39087361959604
Shizhong_C+T	BPD	0.4	Shizhong_BPD_Pt_0.4	Bipolar	40	0.224265421034573	1.01466088576517	0.335163051536854	1.35125803904678
Shizhong_C+T	BPD	0.9	Shizhong_BPD_Pt_0.9	Bipolar	40	0.214388719278489	1.03486357529312	0.29060549167716	1.34787206639096
Shizhong_C+T	MDD	0.2	Shizhong_MDD_Pt_0.2	Bipolar	40	0.28909112574399	0.93009847339144	0.415493781080953	1.2679313885458
GraphPred_bcftools	BPD	NA	GraphPred_BPD	Bipolar	40	0.289611175579708	0.941912843587987	0.293883703446509	1.23580299529706
Shizhong_C+T	SCZD	1e-05	Shizhong_SCZD_Pt_1e-05	Bipolar	40	0.308192470844404	0.879729198663322	0.373635930991318	1.29781798815054
PRSice_C+T	BPD	0.001	PRSice_BPD_Pt_0.001	Bipolar	40	0.246134801024429	1.06594194960632	0.27485180480116	1.31818773955399
Shizhong_C+T	BPD	1e-06	Shizhong_BPD_Pt_1e-06	Bipolar	40	0.300942861490971	0.850472526315484	0.385457747266075	1.13516494481345
PRSice_C+T	SCZD	0.5	PRSice_SCZD_Pt_0.5	Bipolar	40	0.251141160663825	1.07574796188157	0.246056700852505	1.14917949047892
GraphPred_bcftools	SCZD	NA	GraphPred_SCZD	Bipolar	40	0.372295907152075	0.929804228464827	0.233852062288069	1.44874014745197
Shizhong_C+T	BPD	0.1	Shizhong_BPD_Pt_0.1	Bipolar	40	0.296867640101804	0.983374544928145	0.297680778384084	1.08068930831107
Shizhong_C+T	MDD	0.01	Shizhong_MDD_Pt_0.01	Bipolar	40	0.210151782391817	0.946001400462816	0.380418046397286	1.04972887717027
PRSice_C+T	MDD	0.01	PRSice_MDD_Pt_0.01	Bipolar	40	0.282782751234914	0.926713265439053	0.205593994275916	1.09960767746493
Shizhong_C+T	SCZD	0.4	Shizhong_SCZD_Pt_0.4	Bipolar	40	0.354234769903936	1.08499897166909	0.460145779847753	1.36591311304344
Shizhong_C+T	BPD	1	Shizhong_BPD_Pt_1	Bipolar	40	0.214660075951942	1.0350307069768	0.287103470541997	1.34976275088916
PRSice_C+T	MDD	1e-04	PRSice_MDD_Pt_0.0001	Bipolar	40	0.38326922349648	0.817543628283899	0.294819924339246	1.16215821273898
Shizhong_C+T	MDD	0.8	Shizhong_MDD_Pt_0.8	Bipolar	40	0.246868554321821	0.91289285884902	0.352553668177508	1.31830289508793
PRSice_C+T	BPD	0.05	PRSice_BPD_Pt_0.05	Bipolar	40	0.230058266920923	1.0146928648293	0.151839040656959	1.30867356009329
Shizhong_C+T	MDD	0.1	Shizhong_MDD_Pt_0.1	Bipolar	40	0.254155691716596	0.936454087134049	0.435316781126876	1.22989671679666
Shizhong_C+T	BPD	1e-05	Shizhong_BPD_Pt_1e-05	Bipolar	40	0.345883606906195	0.972324979684403	0.209113933164806	1.29940959837001
Shizhong_C+T	SCZD	0.2	Shizhong_SCZD_Pt_0.2	Bipolar	40	0.350406190746683	1.04658582527151	0.368780689383563	1.12912588102434
Shizhong_C+T	BPD	0.2	Shizhong_BPD_Pt_0.2	Bipolar	40	0.260772446552011	0.941402631331328	0.330854285184539	1.11302445537376
Shizhong_C+T	BPD	0.7	Shizhong_BPD_Pt_0.7	Bipolar	40	0.213361273074834	1.04420556402121	0.318224601414457	1.39421322966571
Shizhong_C+T	MDD	0.5	Shizhong_MDD_Pt_0.5	Bipolar	40	0.251120592934654	0.914154824339393	0.358261509987105	1.30299645166104
PRSice_C+T	MDD	5e-08	PRSice_MDD_Pt_5e-08	Bipolar	40	0.130661899005122	0.631823918539385	-0.0900292769895547	0.858123241411703
PRSice_C+T	SCZD	0.05	PRSice_SCZD_Pt_0.05	Bipolar	40	0.370407059004918	0.951121908853674	0.402607233890673	1.11141612789385
Shizhong_C+T	BPD	0.05	Shizhong_BPD_Pt_0.05	Bipolar	40	0.233756381710028	0.97245370692478	0.261702286556968	1.07743613578351
Shizhong_C+T	SCZD	0.01	Shizhong_SCZD_Pt_0.01	Bipolar	40	0.341812553424117	1.01660368110643	0.43811682411209	1.30415959522654
PRSice_C+T	MDD	0.001	PRSice_MDD_Pt_0.001	Bipolar	40	0.285471865902714	0.846223264800921	0.199560076923709	1.20752483791224
Shizhong_C+T	SCZD	0.001	Shizhong_SCZD_Pt_0.001	Bipolar	40	0.347660052883876	0.860378611452811	0.327302685924282	1.24730303848661
Shizhong_C+T	BPD	0.3	Shizhong_BPD_Pt_0.3	Bipolar	40	0.269485461466053	0.984295300681314	0.386439059004536	1.44083093391071
PRSice_C+T	SCZD	1	PRSice_SCZD_Pt_1	Bipolar	40	0.256716875236048	1.09062841571058	0.189967730457487	1.17134805873979
Shizhong_C+T	BPD	0.8	Shizhong_BPD_Pt_0.8	Bipolar	40	0.216934773722721	1.04114418468004	0.309066143713151	1.36090741858844
PRSice_C+T	SCZD	1e-04	PRSice_SCZD_Pt_0.0001	Bipolar	40	0.343959539903428	0.690868677689828	0.449840188828005	1.07962917265578
Shizhong_C+T	SCZD	0.8	Shizhong_SCZD_Pt_0.8	Bipolar	40	0.356466322759911	1.08735653147625	0.390308868329345	1.37629276376029
Shizhong_C+T	MDD	1e-07	Shizhong_MDD_Pt_1e-07	Bipolar	40	0.160762994172272	0.764838095872028	0.17628466405877	0.879054947196927
PRSice_C+T	MDD	0.05	PRSice_MDD_Pt_0.05	Bipolar	40	0.313103339274147	0.912055914628971	0.259340610359205	1.35872013687421
PRSice_C+T	BPD	0.5	PRSice_BPD_Pt_0.5	Bipolar	40	0.254546910649007	0.975310174703443	0.268627164347537	1.38285447804899
GraphPred_bcftools	MDD	NA	GraphPred_MDD	Bipolar	40	0.34979816011183	0.98377405527545	0.311883294823261	1.47498709201255
PRSice_C+T	BPD	1e-06	PRSice_BPD_Pt_1e-06	Bipolar	40	0.351576158098128	0.740994400559508	0.468342795938689	0.965129517090102
Shizhong_C+T	MDD	0.001	Shizhong_MDD_Pt_0.001	Bipolar	40	0.191155103655236	0.93466299928458	0.261040052298763	1.11190797430463
PRSice_C+T	SCZD	0.001	PRSice_SCZD_Pt_0.001	Bipolar	40	0.36136747491065	0.754801193504489	0.376754491092287	1.23456050491176
Shizhong_C+T	SCZD	1e-08	Shizhong_SCZD_Pt_1e-08	Bipolar	40	0.314285002732053	0.688932334955372	0.390257553239039	1.02546788018268
PRSice_C+T	MDD	1e-06	PRSice_MDD_Pt_1e-06	Bipolar	40	0.282350869909055	0.664351221857415	0.230668112750247	1.02957093744283
PRSice_C+T	SCZD	0.01	PRSice_SCZD_Pt_0.01	Bipolar	40	0.232272061622705	0.877633449433393	0.155306547084129	1.20670229913403
PRSice_C+T	MDD	0.1	PRSice_MDD_Pt_0.1	Bipolar	40	0.385097942648547	0.857804067428409	0.296624596204261	1.32927959194064
Shizhong_C+T	MDD	1e-04	Shizhong_MDD_Pt_1e-04	Bipolar	40	0.409644155278314	0.966015422437688	0.356649296957119	1.62808070058473
Shizhong_C+T	SCZD	1e-07	Shizhong_SCZD_Pt_1e-07	Bipolar	40	0.32845482315295	0.706863644435711	0.270604017185043	1.04374425427123
Shizhong_C+T	MDD	1e-06	Shizhong_MDD_Pt_1e-06	Bipolar	40	0.285595454964996	0.818445140649627	0.0804917907982809	1.37339168569216
PRSice_C+T	SCZD	1e-06	PRSice_SCZD_Pt_1e-06	Bipolar	40	0.319682360509675	0.649170814657813	0.342859196430939	0.86997529652672
Shizhong_C+T	MDD	1e-05	Shizhong_MDD_Pt_1e-05	Bipolar	40	0.327902354888949	0.861777902060906	0.361515925190088	1.37145524565616
Shizhong_C+T	BPD	0.001	Shizhong_BPD_Pt_0.001	Bipolar	40	0.187595240353466	1.04504579078175	0.348563548479387	1.39821166975764
PRSice_C+T	MDD	1	PRSice_MDD_Pt_1	Bipolar	40	0.329422518460678	0.871750049320415	0.335801854060715	1.46600573736441
PRSice_C+T	BPD	0.1	PRSice_BPD_Pt_0.1	Bipolar	40	0.310371249134678	0.993348396504041	0.240049068518049	1.49862104891062
PRSice_C+T	MDD	0.5	PRSice_MDD_Pt_0.5	Bipolar	40	0.359255546702701	0.885351454452809	0.373358276556086	1.49500653465147
Shizhong_C+T	SCZD	0.9	Shizhong_SCZD_Pt_0.9	Bipolar	40	0.35666418002711	1.08622049100206	0.398723973319843	1.36315360187589
Shizhong_C+T	SCZD	1	Shizhong_SCZD_Pt_1	Bipolar	40	0.356557229285012	1.08544227559093	0.395363649010812	1.36065298245981
PRSice_C+T	BPD	5e-08	PRSice_BPD_Pt_5e-08	Bipolar	40	0.292504370696218	0.65941702479085	0.342633837515017	0.730710176289225
PRSice_C+T	SCZD	5e-08	PRSice_SCZD_Pt_5e-08	Bipolar	40	0.308045837607229	0.580551759392572	0.334793843070179	0.566017889986411
Shizhong_C+T	BPD	1e-04	Shizhong_BPD_Pt_1e-04	Bipolar	40	0.290197379679042	1.02200748441438	0.0019875425449361	1.32259727941882
Shizhong_C+T	BPD	0.01	Shizhong_BPD_Pt_0.01	Bipolar	40	0.116970562632559	0.998122523209701	0.206520097807063	1.33082664597461
