method_compared_to_graphpred	disorder	threshold	threshold_label	score_x	score_y	n	pearson	spearman	z_rmse	best_abs_pearson_for_method
PRSice_C+T	BPD	5e-08	5e-08	GraphPred_BPD	PRSice_C+T_BPD_Pt_5e-08	119	0.627322637855167	0.615610311921379	0.859704157958772	FALSE
PRSice_C+T	BPD	1e-06	1e-06	GraphPred_BPD	PRSice_C+T_BPD_Pt_1e-06	119	0.666488011290888	0.648668280871671	0.813276542087935	FALSE
PRSice_C+T	BPD	1e-04	1e-04	GraphPred_BPD	PRSice_C+T_BPD_Pt_1e-04	119	0.698007682592769	0.665517732516736	0.773892197713329	FALSE
PRSice_C+T	BPD	0.001	0.001	GraphPred_BPD	PRSice_C+T_BPD_Pt_0.001	119	0.727338672811565	0.739267910554052	0.735350332197368	FALSE
PRSice_C+T	BPD	0.01	0.01	GraphPred_BPD	PRSice_C+T_BPD_Pt_0.01	119	0.789465541417527	0.781128044438114	0.646166018065834	FALSE
PRSice_C+T	BPD	0.05	0.05	GraphPred_BPD	PRSice_C+T_BPD_Pt_0.05	119	0.814423649711107	0.831947016094574	0.606657869248252	FALSE
PRSice_C+T	BPD	0.1	0.1	GraphPred_BPD	PRSice_C+T_BPD_Pt_0.1	119	0.828858770561299	0.840927218344965	0.582585732483691	TRUE
PRSice_C+T	BPD	0.5	0.5	GraphPred_BPD	PRSice_C+T_BPD_Pt_0.5	119	0.816371162310852	0.830387409200969	0.60346621813117	FALSE
PRSice_C+T	BPD	1	1	GraphPred_BPD	PRSice_C+T_BPD_Pt_1	119	0.81450560424581	0.825466457769549	0.606523897829724	FALSE
Shizhong_C+T	BPD	1e-08	1e-08	GraphPred_BPD	Shizhong_C+T_BPD_Pt_1e-08	119	0.549630660016957	0.499871813132033	0.94507642408502	FALSE
Shizhong_C+T	BPD	1e-07	1e-07	GraphPred_BPD	Shizhong_C+T_BPD_Pt_1e-07	119	0.625247552379528	0.598262355789774	0.862094272557668	FALSE
Shizhong_C+T	BPD	1e-06	1e-06	GraphPred_BPD	Shizhong_C+T_BPD_Pt_1e-06	119	0.6557479694119	0.645826805298391	0.826267700423388	FALSE
Shizhong_C+T	BPD	1e-05	1e-05	GraphPred_BPD	Shizhong_C+T_BPD_Pt_1e-05	119	0.711766258979961	0.686127332288848	0.756057681321418	FALSE
Shizhong_C+T	BPD	1e-04	1e-04	GraphPred_BPD	Shizhong_C+T_BPD_Pt_1e-04	119	0.621675152999388	0.626313915396667	0.866193565671841	FALSE
Shizhong_C+T	BPD	0.001	0.001	GraphPred_BPD	Shizhong_C+T_BPD_Pt_0.001	119	0.677964293261719	0.699289095730164	0.799161465948797	FALSE
Shizhong_C+T	BPD	0.01	0.01	GraphPred_BPD	Shizhong_C+T_BPD_Pt_0.01	119	0.760301515898396	0.772297393533685	0.689469667390756	FALSE
Shizhong_C+T	BPD	0.05	0.05	GraphPred_BPD	Shizhong_C+T_BPD_Pt_0.05	119	0.818273971058384	0.831213502350093	0.600331440880305	FALSE
Shizhong_C+T	BPD	0.1	0.1	GraphPred_BPD	Shizhong_C+T_BPD_Pt_0.1	119	0.819798180718675	0.822205644893039	0.597808528341576	TRUE
Shizhong_C+T	BPD	0.2	0.2	GraphPred_BPD	Shizhong_C+T_BPD_Pt_0.2	119	0.804854558779338	0.808930351801738	0.622102183830512	FALSE
Shizhong_C+T	BPD	0.3	0.3	GraphPred_BPD	Shizhong_C+T_BPD_Pt_0.3	119	0.788052784230503	0.796603047998861	0.648330389121808	FALSE
Shizhong_C+T	BPD	0.4	0.4	GraphPred_BPD	Shizhong_C+T_BPD_Pt_0.4	119	0.778578193181402	0.785942173479562	0.662662990314595	FALSE
Shizhong_C+T	BPD	0.5	0.5	GraphPred_BPD	Shizhong_C+T_BPD_Pt_0.5	119	0.781632978522718	0.79562028201111	0.658075990277837	FALSE
Shizhong_C+T	BPD	0.6	0.6	GraphPred_BPD	Shizhong_C+T_BPD_Pt_0.6	119	0.780650113775587	0.794651759008688	0.659555319695909	FALSE
Shizhong_C+T	BPD	0.7	0.7	GraphPred_BPD	Shizhong_C+T_BPD_Pt_0.7	119	0.778254087638809	0.792966788805728	0.663147798507913	FALSE
Shizhong_C+T	BPD	0.8	0.8	GraphPred_BPD	Shizhong_C+T_BPD_Pt_0.8	119	0.777103435841117	0.791555318964577	0.664866127559226	FALSE
Shizhong_C+T	BPD	0.9	0.9	GraphPred_BPD	Shizhong_C+T_BPD_Pt_0.9	119	0.776494471452865	0.789524284289987	0.665773731575903	FALSE
Shizhong_C+T	BPD	1	1	GraphPred_BPD	Shizhong_C+T_BPD_Pt_1	119	0.776071757929924	0.78944660366425	0.666403019405996	FALSE
PRSice_C+T	MDD	5e-08	5e-08	GraphPred_MDD	PRSice_C+T_MDD_Pt_5e-08	119	0.430479266458807	0.39455205811138	1.06276511518213	FALSE
PRSice_C+T	MDD	1e-06	1e-06	GraphPred_MDD	PRSice_C+T_MDD_Pt_1e-06	119	0.501513264263762	0.483314342686227	0.994281420494607	FALSE
PRSice_C+T	MDD	1e-04	1e-04	GraphPred_MDD	PRSice_C+T_MDD_Pt_1e-04	119	0.615219317536642	0.615638797892038	0.873552781862917	FALSE
PRSice_C+T	MDD	0.001	0.001	GraphPred_MDD	PRSice_C+T_MDD_Pt_0.001	119	0.705639534523658	0.700740635237146	0.764050846631817	FALSE
PRSice_C+T	MDD	0.01	0.01	GraphPred_MDD	PRSice_C+T_MDD_Pt_0.01	119	0.765778230100197	0.745776954849737	0.681547532799551	FALSE
PRSice_C+T	MDD	0.05	0.05	GraphPred_MDD	PRSice_C+T_MDD_Pt_0.05	119	0.793336057566216	0.779497222617861	0.640198829503189	FALSE
PRSice_C+T	MDD	0.1	0.1	GraphPred_MDD	PRSice_C+T_MDD_Pt_0.1	119	0.796250755374057	0.776605896595927	0.635668256403722	FALSE
PRSice_C+T	MDD	0.5	0.5	GraphPred_MDD	PRSice_C+T_MDD_Pt_0.5	119	0.797308431850847	0.777090158097137	0.634016210613741	TRUE
PRSice_C+T	MDD	1	1	GraphPred_MDD	PRSice_C+T_MDD_Pt_1	119	0.797014790551473	0.776356644352656	0.634475297211694	FALSE
Shizhong_C+T	MDD	1e-08	1e-08	GraphPred_MDD	Shizhong_C+T_MDD_Pt_1e-08	119	0.447197474307612	0.431989745050563	1.04705026270645	FALSE
Shizhong_C+T	MDD	1e-07	1e-07	GraphPred_MDD	Shizhong_C+T_MDD_Pt_1e-07	119	0.466396760619759	0.470965674405355	1.02870712891971	FALSE
Shizhong_C+T	MDD	1e-06	1e-06	GraphPred_MDD	Shizhong_C+T_MDD_Pt_1e-06	119	0.511533960943833	0.519263637658453	0.984237047083113	FALSE
Shizhong_C+T	MDD	1e-05	1e-05	GraphPred_MDD	Shizhong_C+T_MDD_Pt_1e-05	119	0.586919655562842	0.602784503631961	0.90510671308805	FALSE
Shizhong_C+T	MDD	1e-04	1e-04	GraphPred_MDD	Shizhong_C+T_MDD_Pt_1e-04	119	0.619479529560023	0.643191853012391	0.868703423992189	FALSE
Shizhong_C+T	MDD	0.001	0.001	GraphPred_MDD	Shizhong_C+T_MDD_Pt_0.001	119	0.7030157527053	0.716308218202535	0.767448475600867	FALSE
Shizhong_C+T	MDD	0.01	0.01	GraphPred_MDD	Shizhong_C+T_MDD_Pt_0.01	119	0.752347298091458	0.724348383421165	0.700816076822518	FALSE
Shizhong_C+T	MDD	0.05	0.05	GraphPred_MDD	Shizhong_C+T_MDD_Pt_0.05	119	0.768656677596848	0.75827517447657	0.677346677662706	FALSE
Shizhong_C+T	MDD	0.1	0.1	GraphPred_MDD	Shizhong_C+T_MDD_Pt_0.1	119	0.781178112644348	0.770958552912691	0.658761030975739	TRUE
Shizhong_C+T	MDD	0.2	0.2	GraphPred_MDD	Shizhong_C+T_MDD_Pt_0.2	119	0.768796984998042	0.750982765987751	0.67714124453167	FALSE
Shizhong_C+T	MDD	0.3	0.3	GraphPred_MDD	Shizhong_C+T_MDD_Pt_0.3	119	0.749484294617325	0.735557612875659	0.704855348831039	FALSE
Shizhong_C+T	MDD	0.4	0.4	GraphPred_MDD	Shizhong_C+T_MDD_Pt_0.4	119	0.749892041563836	0.736611593790058	0.704281493277056	FALSE
Shizhong_C+T	MDD	0.5	0.5	GraphPred_MDD	Shizhong_C+T_MDD_Pt_0.5	119	0.743681173962001	0.733926791055405	0.712972490806474	FALSE
Shizhong_C+T	MDD	0.6	0.6	GraphPred_MDD	Shizhong_C+T_MDD_Pt_0.6	119	0.740465041122834	0.728720979917391	0.717431519848663	FALSE
Shizhong_C+T	MDD	0.7	0.7	GraphPred_MDD	Shizhong_C+T_MDD_Pt_0.7	119	0.744180442962636	0.731555333998006	0.712277772867551	FALSE
Shizhong_C+T	MDD	0.8	0.8	GraphPred_MDD	Shizhong_C+T_MDD_Pt_0.8	119	0.744171519479262	0.730615296966244	0.712290195575789	FALSE
Shizhong_C+T	MDD	0.9	0.9	GraphPred_MDD	Shizhong_C+T_MDD_Pt_0.9	119	0.742811869013873	0.727958980202251	0.714180490055454	FALSE
Shizhong_C+T	MDD	1	1	GraphPred_MDD	Shizhong_C+T_MDD_Pt_1	119	0.742874203471431	0.726912120780516	0.714093937167005	FALSE
PRSice_C+T	SCZD	5e-08	5e-08	GraphPred_SCZD	PRSice_C+T_SCZD_Pt_5e-08	119	0.679218236919935	0.662612163509472	0.797604059683958	FALSE
PRSice_C+T	SCZD	1e-06	1e-06	GraphPred_SCZD	PRSice_C+T_SCZD_Pt_1e-06	119	0.707458309341647	0.682723258795044	0.761686755987537	FALSE
PRSice_C+T	SCZD	1e-04	1e-04	GraphPred_SCZD	PRSice_C+T_SCZD_Pt_1e-04	119	0.739235105708409	0.721734795613161	0.719129463530578	FALSE
PRSice_C+T	SCZD	0.001	0.001	GraphPred_SCZD	PRSice_C+T_SCZD_Pt_0.001	119	0.790456326274466	0.767775245691497	0.644643781506897	FALSE
PRSice_C+T	SCZD	0.01	0.01	GraphPred_SCZD	PRSice_C+T_SCZD_Pt_0.01	119	0.79515858801446	0.754785643070788	0.637369681711172	FALSE
PRSice_C+T	SCZD	0.05	0.05	GraphPred_SCZD	PRSice_C+T_SCZD_Pt_0.05	119	0.825460838158284	0.795805440820396	0.588340796130929	TRUE
PRSice_C+T	SCZD	0.1	0.1	GraphPred_SCZD	PRSice_C+T_SCZD_Pt_0.1	119	0.803340077173251	0.77204101979775	0.624511518601934	FALSE
PRSice_C+T	SCZD	0.5	0.5	GraphPred_SCZD	PRSice_C+T_SCZD_Pt_0.5	119	0.781334072819823	0.757769548497365	0.658526230882785	FALSE
PRSice_C+T	SCZD	1	1	GraphPred_SCZD	PRSice_C+T_SCZD_Pt_1	119	0.781592431312712	0.752713288705313	0.658137084454639	FALSE
Shizhong_C+T	SCZD	1e-08	1e-08	GraphPred_SCZD	Shizhong_C+T_SCZD_Pt_1e-08	119	0.625479905691633	0.593426862270332	0.861826974079024	FALSE
Shizhong_C+T	SCZD	1e-07	1e-07	GraphPred_SCZD	Shizhong_C+T_SCZD_Pt_1e-07	119	0.684381453120108	0.662035322603618	0.791159010797984	FALSE
Shizhong_C+T	SCZD	1e-06	1e-06	GraphPred_SCZD	Shizhong_C+T_SCZD_Pt_1e-06	119	0.712513669374558	0.70698618430423	0.755076789614913	FALSE
Shizhong_C+T	SCZD	1e-05	1e-05	GraphPred_SCZD	Shizhong_C+T_SCZD_Pt_1e-05	119	0.711648921271866	0.671086739780658	0.756211558255352	FALSE
Shizhong_C+T	SCZD	1e-04	1e-04	GraphPred_SCZD	Shizhong_C+T_SCZD_Pt_1e-04	119	0.718081295023813	0.710297678393391	0.74772941660535	FALSE
Shizhong_C+T	SCZD	0.001	0.001	GraphPred_SCZD	Shizhong_C+T_SCZD_Pt_0.001	119	0.78314901275143	0.79018658310782	0.655787633376538	TRUE
Shizhong_C+T	SCZD	0.01	0.01	GraphPred_SCZD	Shizhong_C+T_SCZD_Pt_0.01	119	0.7595401718533	0.75521293263068	0.690563765805791	FALSE
Shizhong_C+T	SCZD	0.05	0.05	GraphPred_SCZD	Shizhong_C+T_SCZD_Pt_0.05	119	0.774573469560773	0.782281726249822	0.668628730832441	FALSE
Shizhong_C+T	SCZD	0.1	0.1	GraphPred_SCZD	Shizhong_C+T_SCZD_Pt_0.1	119	0.740069009607614	0.747676163788687	0.717978685415487	FALSE
Shizhong_C+T	SCZD	0.2	0.2	GraphPred_SCZD	Shizhong_C+T_SCZD_Pt_0.2	119	0.707914346377007	0.696994730095428	0.761092835772409	FALSE
Shizhong_C+T	SCZD	0.3	0.3	GraphPred_SCZD	Shizhong_C+T_SCZD_Pt_0.3	119	0.707335984522748	0.694879646773964	0.76184598706386	FALSE
Shizhong_C+T	SCZD	0.4	0.4	GraphPred_SCZD	Shizhong_C+T_SCZD_Pt_0.4	119	0.70124519858844	0.675202962540949	0.769732754742687	FALSE
Shizhong_C+T	SCZD	0.5	0.5	GraphPred_SCZD	Shizhong_C+T_SCZD_Pt_0.5	119	0.69990298377744	0.673678963110668	0.771459905059005	FALSE
Shizhong_C+T	SCZD	0.6	0.6	GraphPred_SCZD	Shizhong_C+T_SCZD_Pt_0.6	119	0.695062273453783	0.664476799878874	0.7776570254842	FALSE
Shizhong_C+T	SCZD	0.7	0.7	GraphPred_SCZD	Shizhong_C+T_SCZD_Pt_0.7	119	0.689592036350592	0.661256667561759	0.784601164116699	FALSE
Shizhong_C+T	SCZD	0.8	0.8	GraphPred_SCZD	Shizhong_C+T_SCZD_Pt_0.8	119	0.690705319524524	0.658238350090877	0.7831929079269	FALSE
Shizhong_C+T	SCZD	0.9	0.9	GraphPred_SCZD	Shizhong_C+T_SCZD_Pt_0.9	119	0.690589421797328	0.656067511750463	0.783339631718212	FALSE
Shizhong_C+T	SCZD	1	1	GraphPred_SCZD	Shizhong_C+T_SCZD_Pt_1	119	0.690650523009207	0.656281156530409	0.783262282449367	FALSE
