SAMPLE	BPD_BIP_2024.EUR_pgs_a0.5_b5e-08	MDD_MDD_2025_pgs_a0.5_b2e-08	SCZD_SCZ_2022.EUR_pgs_a0.5_b2e-07	PRSice_BPD_Pt_5e-08	PRSice_BPD_Pt_1e-06	PRSice_BPD_Pt_0.0001	PRSice_BPD_Pt_0.001	PRSice_BPD_Pt_0.01	PRSice_BPD_Pt_0.05	PRSice_BPD_Pt_0.1	PRSice_BPD_Pt_0.5	PRSice_BPD_Pt_1	PRSice_MDD_Pt_5e-08	PRSice_MDD_Pt_1e-06	PRSice_MDD_Pt_0.0001	PRSice_MDD_Pt_0.001	PRSice_MDD_Pt_0.01	PRSice_MDD_Pt_0.05	PRSice_MDD_Pt_0.1	PRSice_MDD_Pt_0.5	PRSice_MDD_Pt_1	PRSice_SCZD_Pt_5e-08	PRSice_SCZD_Pt_1e-06	PRSice_SCZD_Pt_0.0001	PRSice_SCZD_Pt_0.001	PRSice_SCZD_Pt_0.01	PRSice_SCZD_Pt_0.05	PRSice_SCZD_Pt_0.1	PRSice_SCZD_Pt_0.5	PRSice_SCZD_Pt_1
Br1092	-0.520929	-0.224003	-1.54323	-0.0504170031	-0.498319477	2.85044457	2.44093822	-2.49961109	0.240999471	-3.14691602	-7.5489323	-5.22455057	0.144185187	-0.11669175	0.0162864737	1.04078037	0.298534189	-0.671696393	-0.948034595	-3.22704618	-2.91639049	-0.671954073	-1.0587771	-2.61356399	-2.3635444	3.38613651	-4.11855837	-10.0297453	-9.99767362	-9.53345168
Br1113	-0.00877081	0.289368	-0.312729	0.254864003	-0.125233151	3.36708397	3.94645028	2.79079069	6.91634273	5.15752822	0.595135834	1.7165374	0.719220585	0.595328955	1.05278899	2.33954366	3.53141553	3.32689385	3.0901221	0.430015418	0.93645968	1.54591377	1.1129214	0.565410811	-1.41847053	-0.975991335	-3.41844888	-9.88007007	-9.3090439	-9.4330281
Br1204	-0.2621	-0.197909	-0.548932	-0.387484555	-1.55748556	1.71625154	2.6737991	-1.49457313	-0.824072836	0.0909325447	-0.849646306	-0.416601327	-0.610063673	-0.913520173	-0.424965667	0.542627637	1.13128033	0.44921819	-0.173449513	-4.18704302	-4.13520884	0.473046964	0.16186193	-2.98706007	-3.10922121	-1.13558146	-5.31718392	-8.27270708	-9.23028054	-9.01591981
Br2371	-0.601451	-0.194445	-1.66755	0.0415059957	-0.752063795	0.710766876	2.0447959	-6.94878736	-7.08651508	-5.92909458	-9.83652224	-9.6604888	-0.260753804	-0.604667576	-0.747585875	0.416236138	0.0547793549	-0.375263485	-1.45579522	-4.73701986	-4.65312643	-0.455494112	-1.21847127	-3.97608834	-6.52029121	-10.3899402	-14.1424919	-21.812309	-22.6342813	-23.1539588
Br2701	-1.03951	-0.500286	-2.58989	-1.19247821	-2.3596827	-1.51394921	-2.47327828	-10.7526562	-12.5841022	-14.6485472	-21.8058241	-20.6796752	-1.03332493	-1.28697468	-1.33883943	-0.599470825	-3.06836816	-4.59109364	-4.8178563	-8.73500626	-8.44178821	-5.04118589	-6.32467003	-9.71923918	-11.7440527	-10.9273463	-18.59725	-25.2459387	-29.9568122	-29.9214541
Br2720	-0.643741	-0.281725	-1.24466	-0.608514166	-0.431463736	2.01227362	1.17687799	-2.06960812	-3.80500084	-3.75501065	-12.0653028	-11.7496302	-0.0706261396	-0.0599719624	0.290539928	1.19085557	0.155213043	-1.02282047	-3.02973374	-8.51260046	-8.47847128	-0.995666538	-0.688386102	-0.345533075	-1.74749358	-2.59493575	-11.2932527	-17.032461	-20.7973262	-20.1707877
Br2726	-0.0461434	-0.198211	-0.987201	0.683579395	-0.2455927	3.13642779	3.29624974	-2.94741218	-4.09313969	-4.99247074	-11.2836042	-10.0323235	0.104479055	0.19835327	0.845257002	1.20456959	0.0717747632	-1.574566	-2.84725358	-6.85649415	-6.36190404	0.290831134	-0.189829194	-3.52485347	-5.52000763	-5.9938528	-7.25743223	-13.9314	-16.0562436	-16.592116
Br2761	-0.368638	-0.285401	-1.16458	0.00853051098	-0.457963132	1.64891312	0.950350978	-2.0709928	-4.57254965	-1.76366549	-6.84650635	-6.79499422	0.242291885	-0.243554025	-0.182449882	1.47824816	0.247395419	-1.71937711	-4.21366805	-9.64538628	-9.74698732	1.36059243	0.873085213	-1.28993012	-3.30847276	-3.19017436	-9.13245089	-13.934344	-22.175398	-21.7346268
Br2765	-0.975985	-0.233154	-1.6235	-0.515111449	-1.29881093	1.21776814	1.93381988	-3.28731009	-7.74306278	-8.79693144	-16.6059969	-15.4921873	-0.500958855	-1.09070757	-0.378484873	2.50337674	1.16720602	-0.819121765	-2.03306611	-5.86933405	-5.7656931	0.441973382	-0.0260067753	-2.74710149	-3.6836703	-4.96679469	-10.393557	-20.0290021	-18.5186873	-17.2375176
Br3881	-0.835072	-0.184151	-1.3465	-0.469551145	-0.844519256	1.80055867	0.752300835	-3.43811898	-6.76933663	-9.19567463	-18.6824861	-17.4062853	-0.158728283	-0.37189164	-0.0215327251	0.400471686	-1.66772713	-3.45152342	-4.12178904	-7.08700379	-6.94626615	-0.27106031	-1.2068271	-2.80555601	-1.75984836	-2.45446396	-5.01821693	-11.3641434	-13.5434092	-13.2497924
Br3893	-0.165256	0.179493	0.0461173	0.169912439	-0.557468153	3.0173444	5.71104556	2.2672356	4.38485044	4.66669735	-0.403330271	1.02919202	0.577627366	0.70086412	1.37826563	2.79616593	1.87308293	2.28856214	1.25962236	-0.994961575	-0.670973704	0.615073954	-0.477068452	0.493411368	0.588248216	5.56525293	1.41582708	-2.2992605	-3.62118113	-4.11862887
Br3998	-0.566362	-0.146677	-1.63569	0.071603358	-1.38537002	1.11048195	-0.169713029	-4.51726597	-4.09360328	-7.22217367	-9.1357054	-8.38798623	0.497762135	0.0478863894	0.682125369	1.75683443	0.619667146	0.0248582818	-0.858969458	-3.71400818	-3.50500942	0.376028813	0.436930159	-2.83334076	-5.55646394	-4.56398847	-13.2449707	-21.1859725	-23.0372424	-21.8321009
Br5137	-1.00517	-0.0821881	-1.34975	0.0799160471	-0.802270929	1.03361428	0.27817529	-7.33454304	-10.1230671	-11.0484799	-19.2900068	-18.3626088	-0.104027861	-0.639909479	0.172025283	0.890235951	1.78670945	2.10055833	1.09893431	-2.21726874	-2.00687162	-0.428831203	-1.31756754	-4.83533287	-4.811119	-0.775847784	-4.34674152	-11.5665945	-18.9267076	-18.7765949
Br5156	0.111792	0.0389711	-0.987255	0.232704887	0.0356229627	5.12637489	6.08200477	2.34845534	4.73188923	7.31568439	5.50945492	7.07718445	0.204915873	0.126705198	0.842504717	1.35381383	1.24238419	0.500877135	-0.46413489	-2.5384023	-2.46302617	-0.252745083	-0.697064892	-3.34963493	-3.49224467	-3.64637711	-6.94266452	-14.7151217	-20.2973285	-20.3500289
Br5228	-0.664544	-0.119003	-0.867357	0.0356784071	-0.693224305	2.01955799	1.00345059	-6.77288043	-8.7661607	-9.44592915	-17.3976216	-16.3532862	0.0314869192	-0.335133053	0.135518374	0.998527472	1.12583332	0.118924893	-0.387643111	-4.23765447	-4.14237433	0.601954928	-0.329113469	-1.4794337	0.175443112	2.35434429	-0.672532244	-8.24248962	-7.03825029	-7.07922395
Br5249	-0.0327815	0.0475891	-0.949535	0.667968035	0.214221855	4.83855958	6.9759083	1.51775949	1.38011886	2.90929477	-6.71853381	-4.55501875	-0.176486024	0.0294237545	0.852342341	2.01324613	1.12687481	0.441335838	-1.21365496	-4.1177321	-4.09060611	0.354155201	0.296242822	-2.35959186	-1.94086637	-3.50657409	-4.60835275	-8.35025387	-10.077363	-10.8191469
Br5266	-0.395485	-0.0504133	-0.755376	0.0804285004	-0.541421917	1.68157642	1.41878339	-3.40473217	-3.67785127	-3.49527578	-9.46032787	-8.12540379	0.523941129	0.508777352	1.90609175	3.43247626	3.2233696	2.89762405	1.8362782	-3.47438231	-3.22382808	-0.697001077	-1.86233333	-3.5913711	-3.53672234	-4.90821331	-9.26139159	-13.686535	-15.6075516	-16.0658431
Br5272	-0.363795	-0.163303	-1.80522	-0.330576302	-0.417360617	4.93762113	8.43437956	2.73531271	2.82720443	2.28226011	-0.786513978	-0.237320551	-0.171774004	0.157419321	1.1650271	2.27737772	1.73550407	0.0195421191	-1.89174879	-6.4530159	-6.34295668	-4.0073644	-3.77335731	-1.91927047	-1.7388465	-5.00845901	-12.7100123	-16.3918457	-20.6186542	-18.9499099
Br5276	-0.520465	-0.0234228	-1.99378	-0.389541651	-1.3184655	2.21083087	1.91552762	-2.58612786	-3.20833291	-4.94021587	-8.54284454	-7.38732528	-0.711986342	-1.23147405	-0.89857716	1.12650791	-0.585134218	-0.490294452	-2.2181448	-4.38218999	-4.02619111	-4.31652222	-5.00943674	-7.35060639	-8.74990354	-13.1803951	-19.757026	-26.4970275	-29.3502501	-29.081012
Br5280	-0.684985	-0.0228067	-1.82406	-0.647603054	-1.78571391	1.22601308	0.599183162	-6.54063104	-9.75918041	-9.77213952	-13.5862999	-12.6137903	-0.148355291	0.0474803306	0.699034135	1.78363165	1.77272285	1.30353457	0.30720851	-3.99474549	-3.69591028	-1.83173452	-2.18380103	-0.92503252	-0.35232274	0.496417765	-9.20287554	-10.0831667	-13.2310442	-13.1753338
Br5288	-0.0679463	0.0329051	-0.471132	0.0750437757	-0.0645057447	3.11924774	4.24104735	-0.204255105	-1.64327756	-4.26108495	-8.71535783	-8.19353122	0.176352535	0.237801517	0.586774347	1.85950924	2.46409534	1.63603186	0.997701592	-1.33160581	-1.1263466	0.624829723	0.367772506	1.21993369	0.42272335	3.75196876	-0.362174104	-6.06767724	-9.80255831	-8.67485469
Br5312	-0.385719	0.253528	-0.507314	0.807076613	0.0864757141	4.3495403	4.0655471	0.77451917	1.21921083	-3.51440673	-7.51336737	-6.89418811	0.442207119	0.208100269	0.543573176	2.05719098	2.10188863	2.15273868	1.72530054	0.162261286	0.167000043	0.82445737	0.960101129	-0.0233724855	-0.120582508	1.45392977	-2.02382097	-8.82623679	-8.0440678	-7.13577321
Br5314	-0.806361	-0.134873	-0.918932	-0.191421816	-0.251760122	2.59707635	1.21591875	-3.3105389	-4.36926177	-5.59382236	-15.3038517	-14.8602939	0.0149753573	0.200275104	0.65135026	1.39821664	1.64140826	0.82512338	-1.38856856	-5.7036808	-5.29864502	0.238663236	0.26347905	-2.53781931	-2.62130784	-4.80105996	-14.2659313	-20.8479756	-18.8245595	-19.8052815
Br5366	-1.19385	-0.327999	-2.19941	-1.15639892	-2.6728008	-1.50222912	-1.65048016	-8.28841935	-8.59830009	-12.5467811	-22.4220136	-22.0660101	-0.759217607	-1.14720284	-0.719362634	-0.308765019	-1.82713051	-3.32026135	-4.92624377	-8.80991101	-8.65105529	-6.2044098	-6.61713528	-9.18298736	-10.0501169	-11.1261509	-17.4168292	-22.5891739	-26.2005545	-24.6086357
Br5367	-0.215607	-0.0144331	-0.951645	0.526734215	0.458003845	3.79373915	4.08505702	-1.04968399	0.572996554	-0.200634935	-0.810770792	0.766666797	0.02575964	-0.172994045	0.990878019	2.04762705	1.79964325	0.861142473	0.503655219	-4.13084374	-3.81302752	0.231025692	0.424967994	-2.71189072	-0.424413578	-2.39363389	-4.3947381	-9.21254791	-10.1439033	-10.7821475
Br5392	-0.911718	0.27801	-1.43195	-0.956235462	-2.04095453	-0.0173483984	-1.34902128	-5.20853202	-7.77096325	-9.19861984	-14.5015891	-13.3983268	-0.240169678	0.175086849	1.34253446	3.2098169	2.51635996	3.17200017	2.77079365	0.234284126	0.533285328	-2.97501567	-3.69951009	-6.29547087	-5.07468542	-1.90236834	-10.7632842	-14.6078858	-18.1252413	-17.8316593
Br5395	-0.0778092	-0.0961662	0.0815805	0.360716752	0.040363529	2.64568306	3.86312132	3.31704615	1.72809061	3.00632124	-1.55931637	0.37292621	-0.0866141973	-0.230831622	-0.109470382	0.544836377	0.679827579	0.628435966	-0.370917354	-2.17774638	-1.47829082	0.753203055	0.169060577	0.5313019	2.79128346	4.3623065	1.28735482	-3.46199445	-4.30398774	-4.23457524
Br5400	-0.183764	-0.156381	-0.830086	0.453673918	-0.103930552	2.52896971	3.40220064	0.158501399	3.22602373	4.92525614	1.92924881	3.45674668	-0.22124806	-0.273484731	-0.302304147	0.672221352	0.254826127	-0.867673737	-1.59148722	-2.7149265	-2.49532034	0.899434153	-0.116222885	-2.95695426	-2.62953138	0.908887243	-0.66481543	-3.15556096	-5.7376756	-5.81612573
Br5436	-0.331889	-0.115116	-1.72453	-0.268204725	-0.869667942	2.52612293	3.31735124	-0.318891002	3.99621916	4.79641138	-2.57668671	-1.90690336	0.210959326	-0.0928107659	0.546372624	2.35380255	2.24860519	-0.818512141	-1.72632014	-5.19009478	-4.80369633	-0.828296829	-1.41385325	-3.54553881	-3.3095134	-6.29982735	-10.666965	-17.4048401	-20.3559664	-20.2835399
Br5437	-0.450127	-0.176598	-0.64219	-0.13398106	-0.157140802	2.12389102	2.31983511	-4.40115215	-2.84281187	-3.19069482	-8.78326043	-7.68094349	-0.127111951	-0.261548424	0.240458839	1.27293655	-1.03679562	-2.62619387	-4.1648109	-8.06878222	-7.60440086	-0.043004822	-0.38860512	-1.1126593	0.408589523	-0.595760936	-5.47410027	-10.8145485	-13.8785839	-14.324029
Br5440	-0.184262	0.250879	-0.245369	0.144506742	0.0207378925	3.36608367	5.17285437	2.18146316	7.33251863	5.04432335	0.42091162	1.51474615	0.340021574	0.430452418	1.33085448	2.39798391	3.5514692	3.29213994	2.33085365	0.301146475	0.479520162	2.51343361	2.49218736	2.23299511	4.69470574	3.69233716	2.78489738	-4.20566974	-0.741881533	-0.733473697
Br5448	-0.39637	0.0964228	-0.699686	0.023133098	-1.15953816	1.40473006	1.67680401	-0.97547391	2.64846053	0.666104207	-7.04326718	-5.56479731	0.0340200137	0.00366667451	0.674592248	1.73171995	1.98171324	0.501266293	-1.77856895	-5.1025977	-5.12608269	0.303292002	0.367592328	-2.78495223	-2.87626598	-0.354040518	-6.83365768	-14.3440515	-18.9384147	-19.8118734
Br5451	-0.261837	0.22496	-1.24585	0.246703665	-0.238038773	2.01560047	4.24844823	2.4080502	2.78063945	2.4853523	-4.00946633	-3.19469676	-0.136195205	-0.268693657	1.49952283	3.03515996	2.71303945	1.86544412	1.68619915	-0.303033878	-0.59218809	-0.398708697	-1.35848707	-2.70319329	-4.370866	-5.6930151	-9.63656596	-15.3469546	-15.3166082	-15.8984713
Br5454	-0.587585	0.00371188	-1.3642	0.221229761	-0.656496972	1.37949104	3.34779678	-0.623724251	-5.76972019	-5.91468214	-12.8003184	-11.097263	0.812300125	0.504312233	0.486476792	1.89346632	1.54990751	0.172707387	-0.326260584	-3.73363201	-3.30130813	0.0505336282	-1.39724768	-1.45755573	-4.48804843	1.47721354	-4.75235648	-9.10228137	-11.4733566	-11.0919714
Br5472	-0.867895	-0.0162017	-1.75885	-0.213451616	-1.33915378	0.898019026	1.87046535	-2.51062991	-5.46640283	-9.17841408	-17.2386318	-15.6357564	0.341964208	0.141501141	0.728229011	1.20343775	0.855236654	-0.57045188	-2.73509056	-5.46013716	-5.7107221	0.156682827	-1.43209257	-3.57538178	-4.48779092	-8.9621878	-13.8735309	-22.4116357	-22.2020465	-23.3803177
Br5477	-0.35361	-0.0554308	-0.842986	-0.0662730333	-0.375714554	3.44663253	3.66316373	-0.885455496	1.65202541	1.30358037	-4.19837728	-4.03450906	-0.125577536	0.327550031	1.52288997	1.60518693	0.748084323	-0.592672113	-1.30889488	-5.29197926	-5.16431673	0.0647721741	-0.469972213	-0.320734797	-1.12916763	-0.947729606	-6.19082635	-14.1596388	-10.7861315	-12.040807
Br5481	-0.499343	-0.186917	0.0530984	0.407988029	-0.498315429	2.98862817	2.51493136	-5.09275831	-7.34456818	-9.28628333	-12.5109692	-11.8621379	0.418318177	0.165803576	1.79497624	2.51892989	1.29443678	0.568499901	-1.24339578	-4.87621193	-4.25584474	-0.44701901	-1.65173912	-1.33671037	1.63489726	5.63207346	2.8076128	-2.02797705	-1.5740633	-1.23948829
Br5558	-0.122549	-0.0344792	-0.425089	0.403848003	0.151399392	3.9753082	4.22156242	0.397116445	1.70160275	0.66737098	-1.79954707	-0.48253113	-0.289954362	-0.376874885	0.268718029	1.65972043	0.9006285	-0.000916283647	-0.973099021	-3.14887706	-2.94781717	1.15967384	1.10557207	-0.145190664	-0.316676757	-1.45342126	-6.94116193	-14.5887621	-15.7996424	-15.7767893
Br5572	-0.341042	0.141089	-0.697773	-0.0086545698	0.107312662	2.91773079	3.93974992	-1.83487394	2.31786814	4.32740896	0.454453523	1.2481248	0.102325616	0.136528834	1.71728841	3.20354207	2.55202152	1.34565207	0.763449269	-1.55812321	-1.54754189	-1.3000531	-2.02567272	-3.24138897	-5.85036521	-2.99548612	-3.9929496	-8.60670009	-9.30451499	-7.24118269
Br5589	-0.688624	-0.100528	-0.815676	-0.443281593	-0.993962116	-0.755753435	-1.01040792	-6.81614372	-7.33120029	-7.42785117	-12.9827025	-11.7764353	-0.179191943	-0.067335891	0.961744836	2.73746045	1.85219418	2.14119491	0.699673246	-2.65055108	-2.86191618	1.40803568	1.00638486	-1.75721006	-3.52634999	-2.96568815	-4.94292656	-9.40303565	-4.830401	-3.34748796
Br5594	-0.941955	-0.181579	-2.15278	0.495448281	-0.311786442	2.030483	-1.72289693	-10.210911	-12.5553026	-13.4404217	-24.4070466	-23.7949764	0.156053278	0.0146943004	0.442483993	1.25461169	1.26694775	0.188650735	-0.865269494	-5.41068424	-5.75130131	-1.24082003	-2.33158269	-5.40096551	-7.54126025	-10.7576464	-14.443142	-22.6054342	-25.6946481	-25.6723269
Br5599	-0.544059	0.052925	-1.03301	0.810003415	-0.0298826267	1.51787553	-0.245884027	-4.7392599	-8.49759996	-9.45274754	-15.7757556	-16.326543	0.83586617	1.04741613	2.12142805	3.29743279	2.96450913	2.79295319	1.64639473	-0.938563502	-0.6215497	0.328593588	0.498523374	-0.0282912957	0.152878957	3.24622716	-3.51775222	-10.2500951	-14.7947693	-14.3888984
Br5600	-0.521906	0.341674	-1.66139	-0.00688783255	-0.247913599	3.86796911	5.58790015	-0.742632589	-2.74368453	-5.24699527	-10.5829034	-8.00149007	0.622925443	0.578885203	1.98791557	4.38644158	5.8999547	4.9298666	3.65328041	0.298474356	0.574725037	-0.389559666	-0.703275689	-1.18169103	-2.55766772	-6.70780424	-15.3526623	-21.0060976	-24.5115068	-24.9291205
Br5617	-0.386113	0.291736	-0.937895	0.0416898031	-0.729514106	2.85636885	3.97916209	-1.25693634	1.79355067	3.14137842	-1.79943371	-0.243823776	0.124789171	-0.0576613329	1.46757573	3.49541478	4.83440183	3.35535278	2.06642037	-0.938583592	-0.802257145	0.0467537478	-0.0652136518	-1.23776819	-1.61276359	-2.02587069	-6.53152329	-13.8443599	-18.6971696	-18.4949866
Br5622	-0.639056	0.0362691	-0.916148	0.068273071	-0.970956985	1.88652087	0.164432274	-1.87737488	-2.48261182	-5.81291011	-9.81529609	-8.90510022	-0.118599199	-0.241076772	0.504548888	2.04309171	2.32274754	3.78704024	2.34054025	0.820251538	1.15744071	0.652950028	0.321364563	-0.823433798	-0.602857493	-2.08635811	-7.35966622	-13.0808438	-14.5997024	-15.0607574
Br5623	-0.315974	0.0833286	-0.923943	-0.22116046	-0.411127198	1.47333427	2.03481871	-0.456937056	-2.82267367	-3.76066224	-6.5187417	-4.99996733	0.229293232	0.192027049	1.27738217	2.5277542	2.53219563	1.19682099	0.385096457	-2.47531348	-2.6173364	0.0229473424	0.548685647	-1.24173007	-2.85362944	0.511205136	-4.25354881	-9.33553327	-10.3772107	-9.78515959
Br5639	-0.183175	-0.088876	-0.945798	0.213847287	-0.580928911	2.51380875	4.11395841	0.714553573	0.256715202	-0.425112035	-5.68257862	-4.93160302	-0.350083053	-0.379297666	-0.119329961	0.874374975	0.658000204	-0.416410852	-0.357662218	-4.2355708	-4.19468309	0.809827289	-0.759005775	-3.45066791	-4.71172182	-3.26079705	-10.6126772	-17.5405037	-20.5772686	-20.2750291
Br5666	-0.628587	-0.257442	-2.59347	-1.11464822	-1.36171742	2.58519332	2.38058943	-5.55167546	-6.92799546	-10.2480345	-16.6564571	-16.4283276	-0.473564095	-0.772109991	-0.591269729	-0.769096939	-1.81876488	-3.94695633	-5.87088578	-8.64665223	-8.45783218	-3.54536689	-4.02983396	-5.4111111	-7.96093965	-12.5816465	-18.507558	-23.4935776	-27.9071743	-28.3202926
Br5673	-0.00636265	0.118245	-0.46953	0.597964578	0.0472037094	1.94332083	1.45740369	-2.31666954	1.02532964	-1.44724592	-5.74815379	-3.88677308	0.180394917	0.181757545	1.15572725	3.30803858	2.94230472	1.83125696	0.689078247	-4.23796767	-3.77845825	0.678970549	-0.514996577	-2.6841135	-0.573741928	2.64285656	-2.78918606	-6.42634843	-6.92830938	-7.30144876
Br5694	-1.01047	0.03031	-2.21406	-1.60176807	-2.97324626	-0.997832333	-1.30528578	-9.05505187	-8.62046209	-9.61615245	-15.1316249	-13.1234444	-0.137477906	-0.139178339	0.137792822	1.48883404	0.692055563	-1.17533231	-2.94879561	-5.59580657	-5.19832095	-6.0653208	-7.00277488	-6.89419889	-8.05490127	-10.2944955	-16.903882	-24.6877698	-31.5013101	-30.9349541
Br5753	-0.593571	0.208919	-1.75861	0.108805668	-0.297060345	2.20646286	2.26619383	-3.03946027	-4.47197766	-3.96468512	-8.82445013	-6.16354167	0.263780909	0.385999984	1.2206103	1.58416214	3.14501904	4.72545861	2.99580767	-0.821092089	-0.591910161	-1.02507567	-1.51412921	-3.69366726	-4.60799889	-5.87079755	-13.6768113	-21.1325501	-27.2221492	-27.2363178
Br5760	-0.767563	-0.157165	-1.09017	-0.243331761	-0.771885924	2.46075483	3.23624323	-2.42170761	-2.43583894	-4.8627842	-12.2290057	-11.5489468	0.708370927	0.502460007	0.858452218	0.821346587	-0.3381868	-1.63017126	-3.57693876	-5.3995222	-5.68708454	1.1095047	0.818465553	-1.64370292	-0.460079751	-3.8447927	-8.37387559	-11.9062892	-11.5964091	-11.7227348
Br5799	-0.159295	0.159928	-0.931973	0.040060429	-0.96416945	2.58177344	2.45490955	-1.43595578	1.13045178	0.347906893	-3.01290982	-0.960473471	0.558383466	0.543276625	1.60892017	3.11940922	3.17908383	2.8137905	1.90315606	-0.410752817	-0.312740562	-0.592541749	-1.61694154	-4.76754744	-6.59723061	-3.41510975	-9.14986656	-16.3620869	-18.0235026	-17.0743854
Br5803	-0.108981	-0.0415272	-1.49221	0.181793241	-0.422521969	1.94186679	0.710910836	-4.47474606	-1.39443211	0.278739409	-3.85664629	-3.13253248	-0.14175301	-0.133029855	-0.202307757	1.14350886	0.535794478	0.0534719453	-1.00372434	-3.85047364	-3.89366654	0.935457223	0.367462071	-2.81776935	-4.13730733	-8.37303747	-16.341553	-25.5467107	-32.1801851	-32.0780106
Br5831	-0.576454	-0.0954946	-1.50597	-1.22956864	-2.34603492	-0.120542267	-0.592638716	-4.95515776	-7.8239049	-7.67192137	-14.7692918	-13.7182791	-1.31248921	-1.30483689	-1.21201393	-0.0377624025	-1.18414487	-2.1465285	-2.76342236	-6.0580882	-5.94782799	-6.86613706	-8.09264373	-11.9327822	-13.1483777	-12.6568373	-15.8095668	-21.7201431	-18.3048618	-16.9450258
Br5834	-0.58433	-0.29656	-1.10577	0.672170418	0.256803438	3.62285308	3.59146022	-0.81495151	-1.42187325	-3.47066998	-9.34432568	-7.8788283	-0.0983007863	-0.106550245	-0.0176632384	0.743790088	-0.503229112	-2.63013729	-5.3244208	-8.05493859	-8.22119131	0.294888342	-0.0811849925	-0.120007704	-0.783207509	1.37455694	-3.56339883	-9.85221193	-11.3027949	-11.4011608
Br5840	-0.101582	-0.165021	-0.400815	0.467444935	-0.504870832	3.43395436	5.19065153	4.50832424	10.6401871	10.7770186	6.37596438	6.84314471	0.415961742	0.615009742	1.14416761	2.00371078	1.65416348	1.01788335	-0.0900226449	-3.65375394	-3.95605699	1.90474286	1.70158157	0.025333742	-1.25371938	-1.85730182	-4.6780795	-10.8027293	-9.26241899	-8.57032901
Br5856	-0.54176	-0.359369	-0.194392	0.261462992	-0.246704398	1.91631176	1.60187508	-6.14959901	-10.822995	-10.6224815	-18.7439184	-17.840435	0.134145746	-0.109065687	0.534676794	1.11175843	1.24449733	-1.63800534	-3.53714017	-6.56448655	-6.57364081	0.052898278	0.0433924008	0.281050096	0.852124944	3.47899777	-3.94095647	-10.7214944	-13.6077135	-12.3899519
Br5861	-0.589899	-0.31616	-1.33457	-0.243115771	-0.886409134	0.512224589	-0.480062318	-5.565224	-7.41035232	-6.46359231	-14.7622846	-14.179915	-0.207050445	-0.511610948	-0.00230539059	1.45834724	0.102384274	-2.67491091	-5.09064708	-8.87939732	-9.05436804	0.312907822	0.0340090463	-2.45030895	-2.76514956	-3.07433163	-11.8811144	-16.2696708	-19.7993991	-19.8579541
Br5902	0.135941	-0.109095	0.192218	1.15385983	1.14198503	4.60230732	4.93256535	0.904801094	2.43710886	0.374392285	-1.69913656	-1.35933806	-0.055445729	0.0515914824	0.669362085	2.02675037	1.43882828	0.29412653	-1.78840055	-5.41974922	-5.50060339	1.65448088	1.89243405	2.02264202	1.71629477	5.42140399	4.9436003	0.636877511	1.19316257	0.985554081
Br5910	-0.643099	-0.185563	-2.3501	-1.30804258	-2.51356445	-0.083226222	-1.74117211	-6.82778382	-7.47436744	-6.62420246	-12.0762653	-11.3401488	-0.975290368	-1.16905217	-0.740339889	-0.736343031	-2.21771204	-2.2641043	-2.92850531	-6.53647994	-6.83557657	-5.99105489	-6.13383544	-10.6157568	-11.0833338	-14.3995306	-16.7249725	-23.1216479	-24.7027611	-24.991751
Br5916	-0.68143	-0.305551	-0.298876	-0.453537795	-1.48670875	1.17063179	-0.0049940549	-5.35396369	-5.44189831	-4.60754204	-13.4307564	-13.432003	-0.300206849	-0.353524491	-0.186861718	0.269291478	-0.759495266	-1.12863888	-2.37295998	-6.38574438	-6.6539999	0.33158613	0.520940933	-0.0132283416	-1.37701756	-1.84329734	-1.98029319	-6.99173166	-9.0578501	-7.86518817
Br5920	-0.187793	0.0726794	-1.09533	0.211746339	-0.127971178	2.4326805	3.51398506	-0.743851418	-0.148458311	-0.025465249	-5.4753797	-4.34605733	-0.294437845	-0.342678683	0.685503862	2.0410981	0.889833558	1.06847388	0.324361033	-3.52795022	-3.26371745	0.466497072	0.34596776	-1.52706891	-4.3376512	-4.6075613	-4.03676403	-12.0084674	-12.7572908	-12.1174436
Br5939	-0.207687	0.217463	-0.914061	0.505617771	0.325394453	3.98844563	4.15681867	1.09110014	2.4115798	3.08013502	-1.73986547	-0.0760047875	0.373739983	0.779989095	1.49179789	2.75347843	2.38652028	0.714270725	-0.272550348	-2.11503904	-1.75329881	0.355452644	-1.09313338	-4.09950037	-0.913464588	1.88440225	-4.66283519	-12.3177902	-15.0745672	-15.5936542
Br5958	-0.563206	-0.0658945	-0.364706	-0.387304396	-1.11459558	0.728058927	-0.576035353	-6.62012585	-8.31577038	-8.98331893	-16.0161116	-16.6419557	0.0490911569	-0.0953992694	0.420073138	2.00175788	0.533576019	-1.15949055	-2.71922548	-7.70153479	-7.68529885	0.141529078	0.458290363	-0.101855129	0.126366445	-0.0995788059	-4.51481953	-10.7280411	-8.88625984	-8.33744394
Br5960	0.0268449	0.0103142	-0.970634	0.0323490976	-0.061153078	2.90897203	6.46707276	5.27296914	8.35951781	10.4683043	1.25201899	2.74709124	-0.123683616	-0.340384435	0.929309924	3.35265511	2.28940489	2.25844675	0.437227374	-4.12611285	-3.80080715	0.282397471	0.616169606	-3.85309689	-4.74356706	-2.83000294	-6.20545683	-11.3846935	-20.8247603	-20.1904213
Br5993	-0.777752	-0.15033	-2.31686	-1.61524547	-3.06824532	-0.447603197	-0.717967122	-8.37011356	-11.0721576	-12.6860408	-18.9951799	-18.3633064	-1.10196409	-1.7060656	-1.18432568	0.519825631	-0.496312198	-1.68477703	-2.73525152	-6.52655468	-6.50814136	-5.12396677	-6.94803167	-11.0797706	-14.7977269	-13.7726248	-17.7442191	-24.1266313	-26.3001482	-27.3386617
Br6000	-0.140078	0.296131	0.185478	0.709026891	0.336262104	3.95223111	4.44447239	1.00296932	3.70834484	4.19542799	-2.96232803	-2.33301114	0.1442386	0.0842163914	1.35946529	3.20313384	3.82739603	3.16211062	2.47459938	0.466444439	0.403624836	1.21032363	1.70072541	0.696451993	1.12838242	4.7631058	10.4503989	9.08008568	13.1371167	13.7217543
Br6016	-0.39277	0.0198585	-1.22992	-0.140031869	-0.792356591	2.15679755	1.44997743	-2.40374239	-2.87521626	-5.94624148	-14.4007849	-13.4535067	0.114678229	0.438794253	1.20279829	2.47457203	2.97640909	1.30929097	0.722750788	-3.45009379	-3.48028021	-0.56697581	-1.61418972	-1.76692048	-3.25973697	-6.46543778	-8.85530628	-16.8314137	-19.1846616	-19.6071525
Br6021	-0.238323	-0.0971944	-0.803496	0.792930951	-0.29528933	3.47134543	2.83003703	-2.20859004	-1.16863866	-3.60853063	-6.31071041	-5.41900801	-0.0201419388	-0.425343829	0.171863235	0.0633591651	0.00638823549	-1.02177189	-1.99643927	-4.76667834	-4.58842559	1.01444026	2.08367242	1.99076791	1.04479203	3.28657905	-3.92810643	-10.1600253	-8.92320473	-9.29622397
Br6114	-0.41067	-0.20919	-1.7872	-0.0500687694	-0.447193687	1.05534111	-0.224446195	-3.76203752	-1.20940662	-2.73162752	-4.47798381	-3.24662267	0.0581907478	-0.0965292165	0.453705309	0.857811641	0.80151562	1.3502044	-0.352131365	-2.307418	-2.61554461	-0.835730126	-1.45291031	-4.3599174	-7.03338259	-6.9607305	-15.236118	-20.7408823	-24.2448734	-24.6935869
Br6126	0.106673	0.18131	0.293079	0.495073362	0.171625599	3.48824352	4.31403822	2.61642737	4.78492713	6.38172129	2.6301878	3.64260629	0.0466807733	-0.0547369133	0.417702003	2.26880154	2.14985188	3.38611816	2.64496901	-0.349807571	-0.246195855	0.914354881	1.64990217	1.0133468	2.37678838	9.35079156	8.94015966	0.483609259	2.04953985	4.00571588
Br6148	-0.241374	0.183362	0.053455	-0.239994027	-1.33179107	2.82105891	2.76176345	-0.103325056	-3.56755207	-1.58711086	-3.48682013	-2.86106222	0.123860597	0.466493299	2.79049369	4.10293842	4.47890222	3.42155766	2.37044944	-0.937463781	-0.961143946	1.09531824	1.42880771	-0.458658157	0.387938727	1.96861554	-3.97365926	-10.4713175	-12.3063792	-11.5871591
Br6192	-1.01545	-0.087791	-1.99327	-0.0926069125	-1.01082516	2.08240598	-0.280158257	-6.32646127	-7.54720834	-9.26615126	-14.8456052	-13.6295984	-0.0223582412	0.0984583882	1.0775454	1.67272734	0.81492003	-0.68092548	-1.70059663	-5.04639326	-4.87721782	0.404158567	-0.271827228	-2.09950483	-4.19332566	-10.5896178	-15.4949911	-22.9435398	-28.0550508	-29.3066586
Br6197	-0.699886	0.0615082	-1.25295	-0.034538469	-1.00175268	2.70777179	4.20473997	-1.90392941	-5.44639499	-6.84543736	-14.7304164	-13.9333285	0.381401662	0.094072362	0.68196323	2.76987025	2.18588317	1.54435284	0.0909681199	-3.99433408	-3.34715741	0.393677187	-0.216611776	-1.54080866	-1.58162558	-6.25417925	-10.3039083	-17.8887254	-22.3890252	-22.3701757
Br6203	-0.539425	-0.146512	-1.14497	-0.108564025	-0.959504503	1.7505565	2.72196462	-3.89919158	-1.2855895	0.176749323	-1.77936631	-0.0791295756	-0.487969681	-0.258051672	0.0755145482	1.37703741	2.53547367	1.88748003	-0.594532377	-2.90513959	-2.73988001	-2.8037064	-3.8846993	-4.20287914	-5.87093117	-2.15373663	-10.3366199	-17.1639926	-21.5936358	-20.9442686
Br6231	-0.671472	-0.0798992	-1.26622	-0.573157411	-1.72775852	0.425890884	-0.267579865	-6.59593517	-10.8338576	-6.97938723	-11.8806535	-11.6038286	-0.158942306	-0.481354081	0.530064686	1.55904908	2.43444175	1.16069659	-1.03126709	-5.02846292	-5.08780817	-0.40911598	-2.03356108	-4.7684758	-4.85665733	-8.11574315	-14.2945982	-21.3602223	-27.6806722	-28.324233
Br6238	-0.53709	0.251503	-0.871178	-0.601546776	-1.26036131	0.999336393	-0.641034492	-4.27778863	-4.3131923	-4.44371744	-7.76727111	-6.74063986	-0.300692356	-0.44606663	0.57055924	2.42746482	2.19331772	1.71945423	1.17486529	0.863595597	1.14577458	-4.55471007	-5.78963197	-6.79524065	-5.97000663	-1.36833283	-6.64846415	-10.0494522	-9.72724582	-8.90940921
Br6256	-0.309237	0.116655	-0.886559	-0.380516081	-1.63352865	0.455983276	1.3457369	-2.6197132	-3.49429879	-3.8696986	-8.22452373	-7.41601539	0.108988377	-0.296464701	0.487636773	2.51655101	2.66231365	1.45920975	-0.212628273	-5.24597957	-5.30584073	-0.450385421	-1.83026332	-3.52266648	-4.27614107	-5.1261096	-11.524572	-15.1883552	-16.8368698	-16.5262141
Br6279	-0.651877	-0.150205	-0.284059	-0.523234298	-1.14743627	1.77690693	2.40790483	-4.66224166	-4.6457539	-7.12642495	-13.6101501	-13.0040031	0.484566995	0.0465848482	0.372314691	1.19928286	1.23300514	0.423969889	-0.6653269	-4.52545451	-4.42371417	1.44878494	1.15733991	-0.200224702	2.85208628	2.07222383	-3.82635417	-13.1284738	-18.0142064	-17.5835167
Br6297	-0.583741	0.0138111	-0.999499	0.0506415016	-0.111587678	2.82348749	2.73049882	-3.05535643	-6.00971885	-6.43510421	-12.5004794	-12.1472705	0.709211769	0.586074466	1.50118378	2.03216612	1.13966588	0.825769659	-1.04767121	-3.65275425	-3.08547478	-1.09294258	-1.82319873	-2.3813043	-4.51914576	-6.52758668	-10.8733297	-19.7261907	-21.1421586	-21.1744861
Br6316	-0.609961	-0.183446	-0.302003	0.245751364	-1.04587161	2.81315145	3.00009969	-2.95371027	-2.86869609	-5.49865128	-12.5441814	-11.3516455	0.548829224	0.466650273	0.611878336	1.20711489	-1.02499154	-0.69106663	-0.180552621	-4.4325322	-4.51362762	0.723951442	0.774618196	-0.27686917	0.0250739478	-0.0104796059	-0.649017375	-7.61056269	-9.35664703	-8.75829849
Br6320	-0.391252	-0.161819	-0.938422	0.0805618529	-0.783623048	2.55121809	3.57418777	-1.2113473	-0.907328889	-0.127681283	-4.7235223	-3.74425137	-0.126771383	-0.319217746	-0.423592862	1.22257532	-0.0608842404	0.0680446209	-1.84538572	-5.30041355	-5.2487977	0.854579214	0.345898695	-0.0395001039	1.90276151	4.30639779	2.66988665	-5.11563722	-10.9969139	-11.4558909
Br6344	-0.471689	0.00201811	-1.42139	-0.829853487	-1.81842159	2.0689493	3.08814373	-1.99098444	1.10057502	3.32948333	-0.165459181	0.515599557	-0.546373671	-0.409099526	0.688623289	1.71943834	2.02779419	3.17648903	2.88741347	1.07592582	1.17811115	-2.48430216	-3.34065953	-3.90649453	-4.33627614	-3.50315374	-9.09516677	-15.0290538	-19.1665807	-19.0127708
Br6366	-0.545907	-0.00776514	-1.17166	0.0284098804	-0.792832962	1.92021435	1.49857342	-4.94378711	-3.45632503	-2.31209857	-11.1075051	-9.92100795	-0.214192076	-0.406732411	0.62121134	0.423816476	-0.151472801	0.601608763	-0.331610209	-2.10341605	-2.24074512	-0.473336069	-1.37756692	-3.69660594	-3.28499298	-4.80856045	-7.02931146	-15.719137	-18.4756453	-17.7251895
Br6382	-0.21051	0.0618698	-0.154629	0.437869824	0.32206108	2.63839511	4.28169886	-0.931323747	-2.29518938	0.196326279	-7.59793962	-7.21765348	0.144663826	-0.0855973941	0.0558079557	0.958131343	0.711147772	-0.281150712	-0.660477001	-2.60058073	-2.62706679	1.82239376	1.96974446	1.04245536	2.89191857	0.0756257541	-2.04074599	-10.03674	-14.9662359	-15.1866037
Br6413	-0.201962	0.0788342	-0.291399	0.582746391	0.677158704	3.03612007	3.66618398	-1.45985881	2.72384931	3.29602814	-0.978443799	0.640736327	-0.210396057	-0.543993853	0.130880973	1.62156109	1.06608935	1.6058431	0.378457765	-2.14391562	-1.76841811	0.445821179	-0.647398615	-1.40206207	-0.718471523	-3.34925018	-7.00552759	-11.5375364	-18.2275037	-17.0831924
Br6424	-0.374704	-0.120187	-0.71972	-0.080768829	-0.622529684	2.04920711	2.44711212	1.5997132	-0.803062318	0.138556369	-1.24940995	0.332846808	-0.68149968	-0.804995903	-0.541375885	0.272183577	0.43630569	-1.03105202	-2.47177235	-7.75619301	-7.6379262	1.65575672	0.625643082	-0.839069569	1.78555703	-1.55480072	-5.83829048	-14.9819086	-15.4831208	-15.5039009
Br6432	-0.637543	-0.19676	-2.27405	-1.06311559	-1.42829239	1.25298869	1.28286614	-4.66431658	-3.30787046	-6.66661072	-11.928275	-11.0873308	-0.89139138	-0.996896916	-0.801076927	-0.224283975	-2.28222277	-3.62820088	-5.4859665	-8.56677543	-9.06470452	-5.86012388	-7.01610261	-9.74879557	-12.4963762	-17.2561375	-21.7422084	-30.9153077	-32.6030733	-33.1046327
Br6436	-0.385875	-0.0235979	-1.31368	0.315931822	0.31121459	3.73713563	5.17516189	-2.14716591	-1.00060948	-1.27215333	-6.11982684	-5.67060206	0.506768421	0.65769772	1.42697547	3.28582533	2.83122741	2.45718229	1.38691597	-1.2446788	-1.01823342	1.80889006	1.78789499	0.0768578824	-1.0712415	-0.418583162	-6.37292091	-14.428132	-18.1105538	-17.4224448
Br6450	-0.589897	-0.0783758	-0.903907	0.409320201	-0.517384981	2.58092926	2.84272541	-3.8919204	-6.09192217	-8.28568406	-12.3724858	-11.3907372	0.362083124	0.393018489	1.11628476	2.1905847	1.67481491	1.04959733	-0.0619410052	-4.8184931	-5.38090081	0.181706442	-0.434756454	-2.19508684	-2.21209913	0.569178182	-6.00805704	-10.655177	-12.9375514	-12.1641742
Br6471	-0.0385868	-0.292838	-1.18395	0.289065052	-0.640278209	1.18593033	3.55066434	3.0145566	5.32029342	8.32257524	2.43516865	3.1875292	-0.0869290561	-0.425584971	0.172357911	0.0724451111	-0.926588219	-3.69559074	-5.50840573	-9.98607845	-9.83109244	0.930462159	-0.106561224	-0.982394898	-1.00873018	3.25081982	-4.50628801	-13.6285021	-12.798328	-13.2748221
Br6489	-0.0414782	0.000834633	-0.136783	0.369137833	-0.0166730824	2.85929968	4.31371834	4.7846217	8.51078923	8.86740803	4.05154198	5.09747258	-0.234778341	-0.354629605	0.183455017	1.9070753	0.706580438	-0.431160421	-1.41691083	-4.96108205	-5.10563745	-0.457760015	-0.380807017	0.223503112	3.05798198	5.78159455	1.60164647	-5.61813534	-2.63533137	-2.5290478
Br6499	-0.610072	-0.0524616	-0.737295	0.235157519	-0.129223635	2.19655027	2.72468976	-4.83879062	-9.01625886	-7.79238959	-13.4500039	-13.046404	-0.0940217698	-0.459276707	0.217465882	1.29105334	1.33330275	1.55871279	0.547562328	-2.58624291	-2.52720787	1.59400963	1.71466396	0.0639705004	0.296464295	3.4798543	-2.15147147	-8.58295766	-15.248683	-13.531484
Br6529	-0.840328	-0.330808	-0.4445	-1.96904962	-2.20886305	-0.0467318878	-0.166192603	-8.43937441	-10.8856074	-12.9480344	-18.443524	-18.1009857	-0.670257325	-0.84573598	-0.341913263	0.0884503064	-1.13683636	-3.852215	-6.4320839	-10.3901159	-10.6999688	-3.36875936	-2.54676306	-3.87758415	-2.61788417	0.374485259	-2.05559853	-8.67421786	-7.73563542	-7.7741648
Br6588	-0.853413	-0.469068	-1.8871	-0.338174838	-1.33035798	2.04052545	1.15001373	-7.1709547	-9.05942455	-13.7402556	-23.3371814	-21.815592	-0.581352833	-0.613904541	-0.27220708	0.664286118	-2.01497224	-3.44178507	-5.59763035	-10.8794598	-10.6328901	-2.34645469	-3.66687965	-5.07798451	-9.11510873	-13.685474	-20.4019521	-29.1365415	-29.8064984	-30.0314871
Br8042	-0.253238	-0.109827	-0.666398	-0.122643207	-0.6156315	1.74881558	3.18782854	-0.0825420055	-0.340003116	0.216196186	-6.65982285	-5.09620865	-0.479399584	-0.516373054	0.0740985102	1.21736182	1.37388469	-0.0352044727	-2.0870662	-6.43450598	-5.73809574	-0.601842012	0.0690885867	-2.14415969	-1.9470753	-1.4960905	-6.23651964	-11.3209047	-12.2993621	-13.0084055
Br8073	-0.591309	0.0121089	-1.42201	-0.16639096	-0.636561111	2.50371218	3.35397018	1.11578961	1.6604827	1.9552264	-0.935254211	0.106180486	0.383746259	0.112275569	0.453266407	1.89591171	1.8535215	1.38531541	-0.730520472	-2.7341939	-2.77154555	-2.59319889	-2.32636501	-4.875424	-5.97206662	-10.090157	-14.092852	-17.6825431	-17.2423484	-17.2336468
Br8092	-0.647591	-0.236496	-0.535348	0.23618568	-0.359299212	2.1340153	2.79510008	-3.16749795	-5.53714823	-6.2251826	-10.2055876	-10.7594857	-0.226568434	-0.161703828	0.27335735	0.953966744	0.124157039	-0.695569654	-2.20918782	-6.07906457	-6.01890326	1.38064401	0.656325492	-0.576451265	-0.24836304	0.0348558227	-2.26307777	-8.41960247	-8.82729603	-8.81726725
Br8100	-1.02121	-0.171748	-1.37837	-0.19097167	-1.1478015	0.669970312	-1.26061664	-8.74017338	-11.1669189	-12.4447676	-19.5511697	-19.0673816	-0.247099549	-0.507458111	0.099474838	1.37638079	1.60997154	1.65567053	0.583734881	-1.93330479	-1.6731123	-0.680817474	-2.08126245	-2.69680884	-2.17672767	-1.47136519	-7.54778793	-15.5045667	-19.7995561	-19.7612585
Br8104	-1.0148	-0.0277766	-1.63291	-1.21477396	-2.43412438	-0.483200263	-0.294576369	-2.62331706	-2.79351808	-2.35983392	-5.22323915	-4.27009017	-0.543199251	-0.652129927	-0.690626001	0.701749993	-0.257437019	-0.753164337	-1.75210641	-4.58447714	-3.9406551	-4.37307824	-4.62753668	-6.06432501	-6.6749958	-7.21324535	-12.8366404	-17.8206432	-19.7818983	-20.5897877
Br8127	-0.81781	-0.250386	-1.68943	-1.64489315	-2.49600017	0.404812263	-0.944979418	-7.68053819	-9.49737921	-10.891215	-20.6100377	-18.7269084	-0.408302311	-1.05048572	-0.673225857	0.0734166611	0.608518517	-0.899654415	-1.87230304	-5.32715742	-4.82965296	-6.10000968	-6.60238377	-8.41191655	-8.63882701	-1.39577577	-0.469769427	-6.39512283	-8.84266916	-8.36620044
Br8134	-0.476638	-0.0525351	-0.57833	0.172709566	0.0864628925	1.837	0.631092569	-5.83184661	-4.47380179	-2.94417235	-8.89593541	-6.97891881	-0.212943219	-0.301003813	-0.35392698	1.06207724	0.776883471	-0.227814875	-0.736921907	-4.72647704	-4.91911541	1.41901067	1.53285862	-0.898012944	-1.29769472	0.0602161176	-2.942456	-9.15673122	-13.1448338	-13.6458328
Br8136	-0.430345	0.239465	-1.42741	-0.408526441	-1.17557694	2.24767048	3.52518234	-0.671277459	-2.6764326	-4.16509668	-11.8383023	-10.3317228	-0.0684599851	-0.19688407	0.307969427	1.39645356	1.97064875	2.65322851	1.51045114	-1.2233539	-1.30235602	-1.68810692	-2.07948177	-4.782958	-4.45239644	-3.63336147	-10.7085655	-17.4201604	-21.7668316	-20.9489169
Br8158	-1.00577	-0.247531	-1.34537	-1.08943718	-2.45678537	-0.289615675	-0.50120647	-8.97140957	-12.2211052	-14.0556286	-17.4513759	-16.6593969	-0.0716840345	-0.410221498	-0.778406309	0.0388027422	-0.00289183616	-1.65122501	-3.46400782	-5.98057777	-5.82552194	-1.71505263	-2.04522179	-4.49374801	-4.93992485	-6.12271241	-10.3747319	-16.3884701	-26.6624683	-26.5952294
Br8210	-0.0671967	0.19154	-0.332378	0.175013657	-0.586273973	3.18343879	3.01552373	-0.997954705	6.75402036	5.72312231	2.56425588	3.20121242	0.050684878	-0.00964726	1.58981923	3.02454981	4.61746578	4.28775035	3.72071505	0.0839164921	0.434283687	-1.39448087	-1.21114168	-1.57991993	0.85045946	8.14924223	4.52393998	0.931912295	4.61633592	4.61035538
Br8218	-0.211252	0.235746	-1.28762	0.396605062	0.0738824624	3.78934047	4.24191518	2.6476388	0.438844798	2.12342735	-7.15543815	-5.37293299	1.14121824	1.1272798	3.0805888	4.75361803	3.62407431	2.10489791	1.16312648	-2.11294533	-1.9353655	-0.254326575	-0.42948662	-1.83108652	-1.92888935	-2.17515163	-9.43473042	-15.2649409	-12.7819065	-12.2374901
Br8221	-0.367245	0.15166	-1.22428	0.526614532	0.48211736	3.57052469	3.88794234	-2.35108291	-3.0299585	-3.05985494	-12.9434187	-12.0784724	0.790526331	0.436791598	1.59167676	3.34164649	2.28897427	1.42594064	0.194315915	-2.14934708	-1.73299513	-0.591113844	-1.76500929	-1.87517909	-3.98817732	-2.40156552	-10.1845902	-16.1975589	-16.1279872	-15.340328
Br8237	-0.370257	0.0194257	-1.03211	-0.0834196522	-1.11668072	1.6550589	2.07142059	-2.63229782	-6.00040296	-6.13709257	-8.84519606	-7.79311114	-0.0585294412	-0.345410535	1.02327391	2.1779521	0.936532358	1.75027826	0.845881769	-2.37428277	-2.05695403	0.756974093	0.599115955	-2.18801038	-0.469370593	0.0992387882	-3.41451413	-9.7450442	-11.5173624	-10.6383737
Br8325	-0.513417	-0.0509769	-2.0044	-1.29380768	-2.20916548	2.71366307	2.7253904	-0.357429522	-0.403102186	-1.94310567	-10.0215031	-9.91525827	-0.0364972337	-0.0242021122	0.280179138	1.46200316	1.55088169	1.12246412	-1.05263703	-5.00927544	-4.96431229	-5.67146467	-5.8302767	-8.26763013	-8.5276703	-7.80476605	-14.8862547	-22.2092429	-22.5341013	-22.7286761
Br8404	-0.0434408	-0.0123443	-0.856512	0.447278258	0.172665424	4.32559685	6.63346756	3.9232503	4.11737117	1.65989868	-6.743905	-5.55616303	0.542928122	0.713541162	2.19005536	3.53097877	2.69587855	0.190674244	-1.66321806	-5.54039945	-5.11886564	0.3995955	0.238129453	-1.73996524	-3.22928016	-4.6676529	-10.6620864	-17.4924414	-18.161872	-17.9915622
Br8433	-0.313787	0.00164462	-1.69124	-0.690606306	-1.07621325	3.77224529	3.18838882	-2.72768744	-0.846528415	-2.0324221	-7.20344642	-6.75300134	-0.503666971	0.00410011569	1.00645866	2.40231172	2.44116021	2.73295082	1.52246398	-1.71660769	-1.72576094	-3.96375788	-5.44086175	-8.79875698	-8.20865477	-5.16386826	-13.518327	-19.7531441	-17.4480695	-17.5488434
Br8485	-0.511485	-0.0320056	-0.982043	-0.314669303	-0.822897917	2.15958144	2.9064907	-1.83229815	-1.68809136	-0.0856249306	-6.57364323	-5.1236659	-0.200937412	-0.476981431	0.0950175349	1.17878817	1.18687482	-0.487629881	-0.178792644	-2.73221149	-2.64707475	-1.29299101	-1.10773562	-1.37720447	0.428679699	3.05696529	2.79732393	-2.72186254	-4.43782948	-3.88213508
Br8492	-0.689301	-0.178872	-1.39848	-0.169994492	-0.732109444	1.56353892	0.399635854	-3.84067177	-5.17522037	-7.74711201	-15.3153408	-14.3154939	-0.108954001	-0.305806174	0.452528198	1.35162997	0.217088993	-1.17943074	-2.43667672	-6.19427062	-5.97174936	-1.51679094	-2.35974935	-5.33922098	-9.32841063	-10.5974777	-19.3149245	-25.7742282	-25.4567546	-24.1733051
Br8600	-0.737661	0.224908	-0.609508	0.122431547	-0.546889371	1.23020151	1.28080966	-1.09510743	-8.39051983	-7.97200376	-13.8081898	-13.0473839	0.231651284	0.583767673	1.52031597	3.70561345	3.19282771	2.53923352	0.805905304	-3.44686813	-3.07520951	1.08509344	0.000364600392	-0.284924105	0.643410057	0.012302718	-10.3434581	-15.7168371	-22.0336376	-22.2058015
Br8665	-0.631156	-0.00856619	-1.63147	-0.342056649	-1.50739532	2.59590263	1.8924868	-2.94505454	-3.73916173	-4.62922768	-11.0140719	-9.08089254	-0.317280264	-0.413962096	0.184949261	1.8508381	1.56142298	1.96258763	1.02800911	-0.154180704	0.239010938	-1.55239393	-1.70935844	-5.17655593	-4.77227113	-5.81558327	-12.2292894	-19.0219197	-22.7290921	-20.9965293
Br8667	-0.736576	-0.0785768	-0.666099	0.0395309718	-0.727785401	1.52894135	2.02577429	-3.41267458	-6.17554501	-7.14732038	-14.9654311	-13.5672585	-0.23334583	-0.349447627	0.164344353	0.356543537	-0.702736612	-0.727543351	-2.18613301	-5.60463391	-5.51060108	1.19308002	0.264886061	-2.68270765	-3.62379757	-2.92580921	-10.0715885	-17.4481162	-19.5569233	-19.2376219
Br8677	-1.09692	-0.0604995	-2.32981	-2.21684334	-3.2957961	-1.25018611	-1.28861284	-8.64409376	-10.3889572	-11.9695078	-18.1776779	-18.4339445	-0.706518596	-0.755439591	-0.0730338816	0.670246262	-1.6143372	-2.39447958	-4.44045195	-7.03854626	-7.06638246	-6.25618636	-6.59502388	-7.54950227	-8.5411189	-8.50512834	-16.5525593	-25.2626982	-31.4931076	-31.5863602
Br8741	-0.127639	-0.215047	-0.117977	0.632504724	0.258970343	3.47177242	3.45117897	1.379838	1.91535745	1.27903865	-3.69742887	-2.83660229	-0.0322318349	-0.21334222	0.799554019	1.93750271	-0.229717691	-1.44190792	-2.06458657	-5.81431893	-5.53589405	1.33405337	1.25372851	-1.2990503	-0.197265926	1.37974183	2.68521008	-1.26259718	-3.12475833	-2.40150188
