SAMPLE	BPD_BIP_2024.EUR_pgs_a0.5_b5e-08	MDD_MDD_2025_pgs_a0.5_b2e-08	SCZD_SCZ_2022.EUR_pgs_a0.5_b2e-07	PRSice_BPD_Pt_5e-08	PRSice_BPD_Pt_1e-06	PRSice_BPD_Pt_0.0001	PRSice_BPD_Pt_0.001	PRSice_BPD_Pt_0.01	PRSice_BPD_Pt_0.05	PRSice_BPD_Pt_0.1	PRSice_BPD_Pt_0.5	PRSice_BPD_Pt_1	PRSice_MDD_Pt_5e-08	PRSice_MDD_Pt_1e-06	PRSice_MDD_Pt_0.0001	PRSice_MDD_Pt_0.001	PRSice_MDD_Pt_0.01	PRSice_MDD_Pt_0.05	PRSice_MDD_Pt_0.1	PRSice_MDD_Pt_0.5	PRSice_MDD_Pt_1	PRSice_SCZD_Pt_5e-08	PRSice_SCZD_Pt_1e-06	PRSice_SCZD_Pt_0.0001	PRSice_SCZD_Pt_0.001	PRSice_SCZD_Pt_0.01	PRSice_SCZD_Pt_0.05	PRSice_SCZD_Pt_0.1	PRSice_SCZD_Pt_0.5	PRSice_SCZD_Pt_1
Br1092	-0.520929	-0.224003	-1.54323	-0.0504170031	-0.498319477	2.85044457	2.44093822	-2.52381808	0.251983202	-3.14419028	-7.55535471	-5.25784097	0.144999405	-0.115877531	0.0302616145	1.02991694	0.317047173	-0.699082704	-0.917231524	-3.20679153	-2.91011785	-0.671954073	-1.0587771	-2.76056679	-2.47521738	3.46959025	-4.59212088	-10.5817525	-10.3149039	-9.90580666
Br1113	-0.00877081	0.289368	-0.312729	0.254864003	-0.125233151	3.36708397	3.94645028	2.76639308	6.9550881	5.22727219	0.718474441	1.84442214	0.722788494	0.598896865	1.02676575	2.29756718	3.54410752	3.2965984	3.09805859	0.418689551	0.91152328	1.54591377	1.1129214	0.565410811	-1.41847053	-1.0072062	-3.85738324	-10.2256594	-9.49416434	-9.63235182
Br1204	-0.2621	-0.197909	-0.548932	-0.387484555	-1.55748556	1.71625154	2.6737991	-1.49457313	-0.719701182	0.1869015	-0.716278036	-0.297778813	-0.608706642	-0.912163141	-0.423981967	0.525898283	1.15831722	0.449183972	-0.0753294833	-4.05942742	-4.01735597	0.473046964	0.16186193	-3.13406287	-3.18581801	-1.12001527	-5.49106061	-8.54633688	-9.45686752	-9.26538771
Br2371	-0.601451	-0.194445	-1.66755	0.0415059957	-0.752063795	0.710766876	2.0447959	-6.94935918	-7.0058834	-5.83253813	-9.70889476	-9.5572096	-0.260753804	-0.604667576	-0.734584976	0.41214301	0.114788815	-0.436629717	-1.45596419	-4.72009588	-4.65217951	-0.455494112	-1.21847127	-4.12309114	-6.64786812	-10.4383447	-14.6113223	-22.3502051	-22.8231127	-23.349873
Br2701	-1.03951	-0.500286	-2.58989	-1.19247821	-2.3596827	-1.51394921	-2.47327828	-10.7433543	-12.5120213	-14.5762232	-21.7167373	-20.6209184	-1.03332493	-1.28697468	-1.32093282	-0.610794643	-2.99886205	-4.59021074	-4.78927409	-8.70300999	-8.42376267	-5.04118589	-6.32467003	-9.86624198	-11.8569279	-10.9282952	-19.0717061	-25.6631031	-30.0131169	-30.0599563
Br2720	-0.643741	-0.281725	-1.24466	-0.608514166	-0.431463736	2.01227362	1.17687799	-2.09391042	-3.74809964	-3.70610116	-11.9785559	-11.7038771	-0.0490310396	-0.081766038	0.284514728	1.15414385	0.143319274	-1.05752507	-3.0170745	-8.57122171	-8.54144386	-0.995666538	-0.688386102	-0.419034475	-1.75058898	-2.585213	-11.6980337	-17.5067866	-21.108096	-20.5426093
Br2726	-0.0461434	-0.198211	-0.987201	0.683579395	-0.2455927	3.13642779	3.29624974	-2.97171448	-4.07594119	-4.92053925	-11.1894695	-9.94999876	0.108364258	0.202238474	0.861047589	1.17184776	0.0727295206	-1.597762	-2.8207587	-6.83651104	-6.34846697	0.290831134	-0.189829194	-3.59835487	-5.55910853	-5.95080146	-7.60736466	-14.3289056	-16.3432118	-17.0056395
Br2761	-0.368638	-0.285401	-1.16458	0.00853051098	-0.457963132	1.64891312	0.950350978	-2.09424676	-4.51789622	-1.70203702	-6.72270116	-6.66197013	0.263886985	-0.221958925	-0.161857182	1.49442531	0.317043835	-1.73998305	-4.16002884	-9.5733565	-9.67882531	1.36059243	0.873085213	-1.36343152	-3.33537066	-3.26701483	-9.50803623	-14.3518623	-22.3012998	-21.917796
Br2765	-0.975985	-0.233154	-1.6235	-0.515111449	-1.29881093	1.21776814	1.93381988	-3.22940549	-7.58575138	-8.62370976	-16.3782756	-15.2946527	-0.500958855	-1.09070757	-0.36452395	2.47915249	1.18378816	-0.836101331	-2.01652454	-5.83323914	-5.75708975	0.441973382	-0.0260067753	-2.82060289	-3.72276806	-4.96408491	-10.7739682	-20.4562329	-18.9993291	-17.8948856
Br3881	-0.835072	-0.184151	-1.3465	-0.469551145	-0.844519256	1.80055867	0.752300835	-3.43830959	-6.68965099	-9.08499038	-18.5727826	-17.3221693	-0.158728283	-0.37189164	-0.0219324251	0.38097971	-1.66061453	-3.51698969	-4.09915358	-7.04520572	-6.92988109	-0.27106031	-1.2068271	-2.95255881	-1.90813921	-2.51708863	-5.34555356	-11.7047159	-13.7588749	-13.4948156
Br3893	-0.165256	0.179493	0.0461173	0.169912439	-0.557468153	3.0173444	5.71104556	2.218631	4.41744934	4.68249085	-0.358927605	1.04682153	0.60310767	0.683070137	1.34833496	2.76120244	1.91558604	2.24715793	1.32435042	-0.945107835	-0.638711727	0.615073954	-0.477068452	0.493411368	0.658654216	5.66630522	1.24988092	-2.60416135	-3.63885646	-4.26329534
Br3998	-0.566362	-0.146677	-1.63569	0.071603358	-1.38537002	1.11048195	-0.169713029	-4.51764719	-4.06237379	-7.16037617	-9.11309079	-8.37716838	0.497762135	0.0478863894	0.709308823	1.74068602	0.617224425	0.00551488749	-0.76158144	-3.62243691	-3.43028348	0.376028813	0.436930159	-2.98034356	-5.6333308	-4.51766748	-13.6168269	-21.6915881	-23.2525563	-22.1724051
Br5137	-1.00517	-0.0821881	-1.34975	0.0799160471	-0.802270929	1.03361428	0.27817529	-7.35884534	-10.1058686	-11.0002828	-19.2272396	-18.3108786	-0.104027861	-0.639909479	0.185871298	0.906398084	1.79703084	2.06851433	1.13807867	-2.19661209	-1.99440394	-0.428831203	-1.31756754	-4.98060622	-4.88678571	-0.798266494	-4.81062945	-11.9810713	-19.3092108	-19.210671
Br5156	0.111792	0.0389711	-0.987255	0.232704887	0.0356229627	5.12637489	6.08200477	2.34845534	4.81309273	7.43798983	5.63221988	7.1824501	0.204915873	0.123003169	0.871475465	1.36140953	1.2830517	0.431432198	-0.424205916	-2.45632851	-2.38860741	-0.252745083	-0.697064892	-3.42284809	-3.53118791	-3.69390291	-7.46327387	-15.4095979	-20.9304614	-21.0675054
Br5228	-0.664544	-0.119003	-0.867357	0.0356784071	-0.693224305	2.01955799	1.00345059	-6.77364286	-8.72533801	-9.37483724	-17.2895429	-16.2770741	0.0530820192	-0.356927129	0.116566355	0.960383673	1.09493769	-0.00302779812	-0.435137775	-4.319961	-4.23378678	0.601954928	-0.329113469	-1.5529351	0.137006661	2.5458358	-0.818192691	-8.45145301	-7.18980784	-7.33220218
Br5249	-0.0327815	0.0475891	-0.949535	0.667968035	0.214221855	4.83855958	6.9759083	1.51775949	1.43311836	2.97785435	-6.64068766	-4.50718795	-0.154890924	0.00761595451	0.836554369	1.98157578	1.13530838	0.409688013	-1.18341154	-4.11781487	-4.10223814	0.354155201	0.296242822	-2.5054417	-2.12185187	-3.62707928	-5.08728353	-8.93557505	-10.5334065	-11.3828523
Br5266	-0.395485	-0.0504133	-0.755376	0.0804285004	-0.541421917	1.68157642	1.41878339	-3.42903447	-3.66394887	-3.42417448	-9.34588437	-8.01140598	0.527962036	0.512798259	1.90869525	3.39353594	3.20553423	2.85098126	1.85257601	-3.48136492	-3.25176322	-0.697001077	-1.86233333	-3.7383739	-3.61331914	-4.82183399	-9.4264099	-13.91587	-15.7725249	-16.2365469
Br5272	-0.363795	-0.163303	-1.80522	-0.330576302	-0.417360617	4.93762113	8.43437956	2.73531271	2.86870523	2.35475951	-0.796634212	-0.270261761	-0.171774004	0.157419321	1.17737195	2.30579621	1.80799792	0.118651213	-1.72599004	-6.3127398	-6.21376446	-4.0073644	-3.77335731	-2.06627327	-1.81652191	-4.98761554	-13.042456	-16.849142	-20.9795652	-19.4093379
Br5276	-0.520465	-0.0234228	-1.99378	-0.389541651	-1.3184655	2.21083087	1.91552762	-2.52822326	-3.05189144	-4.80231373	-8.36785592	-7.24683262	-0.711986342	-1.23147405	-0.881035815	1.11546175	-0.566802808	-0.539609728	-2.15378282	-4.29910332	-3.95183166	-4.31652222	-5.00943674	-7.42410779	-8.78914249	-13.1227589	-20.0383379	-26.8294189	-29.5371461	-29.3525535
Br5280	-0.684985	-0.0228067	-1.82406	-0.647603054	-1.78571391	1.22601308	0.599183162	-6.54082164	-9.69637081	-9.70847898	-13.5391044	-12.567242	-0.148355291	0.0474803306	0.711885584	1.7553396	1.7991687	1.24234212	0.302752938	-3.98027754	-3.68513604	-1.83173452	-2.18380103	-1.07203532	-0.46492504	0.396524422	-9.73595246	-10.5834378	-13.5537955	-13.5828852
Br5288	-0.0679463	0.0329051	-0.471132	0.0750437757	-0.0645057447	3.11924774	4.24104735	-0.228557405	-1.65450427	-4.26521505	-8.73519639	-8.24060048	0.197947635	0.259396617	0.624169656	1.86849909	2.48999376	1.65005509	1.06106356	-1.33914324	-1.14854324	0.624829723	0.367772506	1.07293089	0.34612655	3.76860826	-0.717600589	-6.65736678	-10.1364126	-9.06752331
Br5312	-0.385719	0.253528	-0.507314	0.807076613	0.0864757141	4.3495403	4.0655471	0.77451917	1.31839642	-3.3843441	-7.37950976	-6.77533723	0.442207119	0.208100269	0.543125225	2.02727562	2.1086472	2.08940386	1.73626301	0.205403764	0.208212689	0.82445737	0.960101129	-0.0968738855	-0.157885405	1.59680557	-2.24137647	-9.20179338	-8.26270639	-7.36271254
Br5314	-0.806361	-0.134873	-0.918932	-0.191421816	-0.251760122	2.59707635	1.21591875	-3.3105389	-4.32776097	-5.52132296	-15.2706198	-14.8428625	0.0365704573	0.178467304	0.645287375	1.3616653	1.61826236	0.852090583	-1.3346421	-5.68741583	-5.3164964	0.238663236	0.26347905	-2.68482211	-2.69925935	-4.84238806	-14.5868993	-21.2704048	-19.0202558	-20.1378833
Br5366	-1.19385	-0.327999	-2.19941	-1.15639892	-2.6728008	-1.50222912	-1.65048016	-8.28841935	-8.57426141	-12.5070376	-22.3706362	-22.0213936	-0.759217607	-1.14720284	-0.690873182	-0.32899426	-1.79268806	-3.31192673	-4.8619765	-8.77620988	-8.6423991	-6.2044098	-6.61713528	-9.32941368	-10.1613402	-11.2749831	-17.9887387	-23.2384546	-26.5391214	-25.0301764
Br5367	-0.215607	-0.0144331	-0.951645	0.526734215	0.458003845	3.79373915	4.08505702	-1.04968399	0.582997254	-0.159635635	-0.763919061	0.794523298	0.02575964	-0.172994045	0.987934251	2.0169792	1.77937979	0.751848957	0.455487819	-4.1443088	-3.85786611	0.231025692	0.424967994	-2.78539212	-0.497616378	-2.34719287	-4.76095731	-9.74294549	-10.5201641	-11.1978482
Br5392	-0.911718	0.27801	-1.43195	-0.956235462	-2.04095453	-0.0173483984	-1.34902128	-5.23264371	-7.75687025	-9.15352823	-14.3767565	-13.3043434	-0.240169678	0.175086849	1.35948478	3.18648624	2.51803977	3.15760922	2.76648922	0.29964843	0.587641379	-2.97501567	-3.69951009	-6.36839579	-5.11320983	-1.74406937	-10.8932421	-14.7867637	-18.4084863	-18.2452331
Br5395	-0.0778092	-0.0961662	0.0815805	0.360716752	0.040363529	2.64568306	3.86312132	3.29274385	1.71741692	3.01135234	-1.58176498	0.345640587	-0.0866141973	-0.230831622	-0.0952246675	0.566700768	0.719774194	0.655128215	-0.280124497	-2.11810696	-1.43139384	0.753203055	0.169060577	0.384875581	2.75122812	4.56558176	1.05065918	-3.71172579	-4.50249385	-4.57427879
Br5400	-0.183764	-0.156381	-0.830086	0.453673918	-0.103930552	2.52896971	3.40220064	0.216405999	3.34692853	5.04636643	2.10797338	3.62197942	-0.21734756	-0.269584231	-0.299755947	0.63883729	0.254051035	-0.93633929	-1.55957543	-2.62441635	-2.43502794	0.899434153	-0.116222885	-3.10395706	-2.70612818	0.728567449	-1.14326338	-3.77290535	-6.20978759	-6.30285714
Br5436	-0.331889	-0.115116	-1.72453	-0.268204725	-0.869667942	2.52612293	3.31735124	-0.319081608	4.05902875	4.88542128	-2.46475581	-1.81948276	0.232554426	-0.0712156659	0.553467924	2.34241558	2.29028306	-0.803220265	-1.69269873	-5.22376131	-4.8485584	-0.828296829	-1.41385325	-3.61904021	-3.3134112	-6.26543677	-10.9738354	-17.9354047	-20.6001697	-20.5675225
Br5437	-0.450127	-0.176598	-0.64219	-0.13398106	-0.157140802	2.12389102	2.31983511	-4.40115215	-2.80131107	-3.11831698	-8.74081011	-7.63945988	-0.127111951	-0.261548424	0.240661839	1.25185197	-1.02156114	-2.65194551	-4.11953512	-7.96183449	-7.50918753	-0.043004822	-0.38860512	-1.1126593	0.406984523	-0.548034076	-5.75033668	-11.1932044	-14.0202303	-14.5731011
Br5440	-0.184262	0.250879	-0.245369	0.144506742	0.0207378925	3.36608367	5.17285437	2.15716086	7.32151313	5.06431645	0.45011597	1.51845228	0.340021574	0.430452418	1.31604636	2.35823452	3.5624252	3.2630822	2.35042359	0.320737044	0.47685547	2.51343361	2.49218736	2.08599231	4.61810894	3.65347326	2.33421669	-4.83002608	-1.25012241	-1.27803384
Br5448	-0.39637	0.0964228	-0.699686	0.023133098	-1.15953816	1.40473006	1.67680401	-0.99977621	2.63030082	0.663443792	-6.99363705	-5.54666011	0.0377848106	0.00743147137	0.678720068	1.70734053	1.99397634	0.476066452	-1.78486271	-5.07065066	-5.10283742	0.303292002	0.367592328	-2.93195503	-2.95206298	-0.38532866	-7.32970743	-14.9028219	-19.4524673	-20.3711095
Br5451	-0.261837	0.22496	-1.24585	0.246703665	-0.238038773	2.01560047	4.24844823	2.4078596	2.84278542	2.57394169	-3.89468869	-3.08984398	-0.136195205	-0.268693657	1.51442733	3.01045751	2.7467143	1.85345608	1.72743326	-0.258694082	-0.561572746	-0.398708697	-1.35848707	-2.84961961	-4.44688632	-5.77675523	-10.0898285	-15.8747044	-15.5302617	-16.1862369
Br5454	-0.587585	0.00371188	-1.3642	0.221229761	-0.656496972	1.37949104	3.34779678	-0.647931248	-5.69235164	-5.82181429	-12.758316	-11.0673493	0.833895225	0.525907333	0.493365532	1.88112354	1.5957438	0.234563404	-0.246054073	-3.68896059	-3.26752599	0.0505336282	-1.39724768	-1.53105713	-4.59724153	1.52198904	-4.95154543	-9.38495233	-11.7224622	-11.4092358
Br5472	-0.867895	-0.0162017	-1.75885	-0.213451616	-1.33915378	0.898019026	1.87046535	-2.51062991	-5.38542054	-9.06265039	-17.0874829	-15.5169154	0.341964208	0.141501141	0.75638466	1.17915193	0.868020358	-0.574730002	-2.66105374	-5.38504073	-5.66005075	0.156682827	-1.43209257	-3.64859494	-4.52580108	-8.91637674	-14.1834105	-22.6060481	-22.2368288	-23.5430816
Br5477	-0.35361	-0.0554308	-0.842986	-0.0662730333	-0.375714554	3.44663253	3.66316373	-0.909757796	1.7549064	1.37726096	-4.15207403	-4.021339	-0.121677036	0.331450531	1.56725736	1.60947529	0.789474872	-0.557675876	-1.18238069	-5.23411326	-5.11371971	0.0647721741	-0.469972213	-0.467161116	-1.20599045	-0.949964907	-6.4802692	-14.5862757	-11.0643024	-12.4165982
Br5481	-0.499343	-0.186917	0.0530984	0.407988029	-0.498315429	2.98862817	2.51493136	-5.14136291	-7.33017258	-9.28008494	-12.51499	-11.9067389	0.418318177	0.165803576	1.82648244	2.52159996	1.33752176	0.510690567	-1.19007819	-4.84877347	-4.23189639	-0.44701901	-1.65173912	-1.41021177	1.59579636	5.80093655	2.4810791	-2.55981692	-1.81655118	-1.50059628
Br5558	-0.122549	-0.0344792	-0.425089	0.403848003	0.151399392	3.9753082	4.22156242	0.397116445	1.72160415	0.71837098	-1.76383846	-0.470840977	-0.268359262	-0.355279785	0.290117478	1.65201456	0.91349145	0.0438631155	-0.873770056	-3.07907297	-2.8893834	1.15967384	1.10557207	-0.292193464	-0.394878557	-1.58495928	-7.41775741	-15.145081	-16.1294575	-16.1492624
Br5572	-0.341042	0.141089	-0.697773	-0.0086545698	0.107312662	2.91773079	3.93974992	-1.83487394	2.33786954	4.37840896	0.534289282	1.30540896	0.123920716	0.158123934	1.75238461	3.19726577	2.57986711	1.35868006	0.839000821	-1.50236436	-1.51248584	-1.3000531	-2.02567272	-3.31489037	-5.88866361	-2.99759905	-4.41260402	-9.08290681	-9.56291002	-7.67623476
Br5589	-0.688624	-0.100528	-0.815676	-0.443281593	-0.993962116	-0.755753435	-1.01040792	-6.86474832	-7.34160019	-7.40725247	-12.9978509	-11.8016473	-0.153847342	-0.0419912902	1.0132483	2.75037662	1.86163122	2.13122541	0.742772673	-2.60736778	-2.85726922	1.40803568	1.00638486	-1.83071146	-3.56384859	-2.83783395	-5.28231692	-9.8578463	-5.07116378	-3.67520006
Br5594	-0.941955	-0.181579	-2.15278	0.495448281	-0.311786442	2.030483	-1.72289693	-10.2353086	-12.5202173	-13.3744594	-24.3401811	-23.7404116	0.156053278	0.0146943004	0.456932707	1.2743305	1.29717114	0.13648334	-0.84691114	-5.43807017	-5.7970823	-1.24082003	-2.33158269	-5.47446691	-7.57955865	-10.6928008	-14.6793793	-23.0672609	-25.9638839	-26.0274836
Br5599	-0.544059	0.052925	-1.03301	0.810003415	-0.0298826267	1.51787553	-0.245884027	-4.7876739	-8.48653107	-9.44948599	-15.7206651	-16.3112409	0.839600375	1.05115034	2.11288112	3.27266895	2.96941165	2.75283057	1.62625928	-0.974086947	-0.672550333	0.328593588	0.498523374	-0.101792696	0.0785750573	3.14315963	-3.93430294	-10.778039	-15.3052612	-14.9508889
Br5600	-0.521906	0.341674	-1.66139	-0.00688783255	-0.247913599	3.86796911	5.58790015	-0.742632589	-2.69068503	-5.17849647	-10.5026078	-7.93347261	0.647711935	0.603671695	1.9829552	4.35289371	5.9377241	4.91850009	3.69973241	0.293547787	0.555758844	-0.389559666	-0.703275689	-1.32869383	-2.66946752	-6.80104634	-15.8759121	-21.6759076	-24.826856	-25.3484027
Br5617	-0.386113	0.291736	-0.937895	0.0416898031	-0.729514106	2.85636885	3.97916209	-1.28066682	1.81160098	3.19042733	-1.72693582	-0.187325711	0.124789171	-0.0576613329	1.45282988	3.45037624	4.85347819	3.20041937	2.00452588	-0.955424024	-0.825782848	0.0467537478	-0.0652136518	-1.31126959	-1.58176249	-2.01807775	-6.78540072	-14.2078148	-18.9671121	-18.8507463
Br5622	-0.639056	0.0362691	-0.916148	0.068273071	-0.970956985	1.88652087	0.164432274	-1.90101006	-2.5106523	-5.83397555	-9.7760866	-8.88738258	-0.114834402	-0.237311975	0.494209485	1.98867522	2.30129426	3.71811814	2.33566502	0.80631932	1.13815902	0.652950028	0.321364563	-0.970436598	-0.679454293	-2.01300848	-7.60081847	-13.3722058	-14.390228	-14.8827877
Br5623	-0.315974	0.0833286	-0.923943	-0.22116046	-0.411127198	1.47333427	2.03481871	-0.481239356	-2.78397577	-3.69096574	-6.48352291	-4.99095863	0.229293232	0.192027049	1.29098577	2.48745989	2.55249068	1.14589727	0.459848144	-2.4280335	-2.5943564	0.0229473424	0.548685647	-1.31523147	-2.88815573	0.602165257	-4.55608961	-9.73239044	-10.7207569	-10.2224711
Br5639	-0.183175	-0.088876	-0.945798	0.213847287	-0.580928911	2.51380875	4.11395841	0.714362967	0.319524795	-0.320906749	-5.56215429	-4.84676835	-0.349540241	-0.378754853	-0.105179625	0.872810873	0.688242822	-0.427498665	-0.321968169	-4.24143648	-4.22093295	0.809827289	-0.759005775	-3.59767071	-4.78831862	-3.21361875	-10.939713	-17.9724028	-20.857104	-20.6661142
Br5666	-0.628587	-0.257442	-2.59347	-1.11464822	-1.36171742	2.58519332	2.38058943	-5.55167546	-6.86851257	-10.157553	-16.5518025	-16.3496153	-0.473564095	-0.772109991	-0.57754296	-0.79485662	-1.79837522	-3.98034709	-5.87455205	-8.66230404	-8.48234817	-3.54536689	-4.02983396	-5.4846125	-8.00045155	-12.4687075	-18.7850821	-23.7437538	-28.2606061	-28.751
Br5673	-0.00636265	0.118245	-0.46953	0.597964578	0.0472037094	1.94332083	1.45740369	-2.31666954	1.05920345	-1.3823735	-5.65330295	-3.81680745	0.201990017	0.203352645	1.1770761	3.28467056	2.95718857	1.80777135	0.763110438	-4.1739892	-3.72680095	0.678970549	-0.514996577	-2.8311163	-0.65061483	2.82519578	-3.02689469	-6.79184851	-7.10447069	-7.53066508
Br5694	-1.01047	0.03031	-2.21406	-1.60176807	-2.97324626	-0.997832333	-1.30528578	-9.07954478	-8.56375149	-9.55246682	-15.0417136	-13.0657012	-0.137477906	-0.139178339	0.166950871	1.47853565	0.706306966	-1.17671524	-2.92063035	-5.61477474	-5.23325871	-6.0653208	-7.00277488	-7.04120169	-8.13097437	-10.3563439	-17.1732807	-25.140139	-31.7565878	-31.3316825
Br5753	-0.593571	0.208919	-1.75861	0.108805668	-0.297060345	2.20646286	2.26619383	-3.06376257	-4.45477916	-3.91673115	-8.76613522	-6.12963147	0.263780909	0.385999984	1.20454748	1.57130122	3.15326851	4.71677139	3.02600897	-0.813040297	-0.613257	-1.02507567	-1.51412921	-3.69366726	-4.57251979	-5.6791445	-13.9399087	-21.4899836	-27.4654029	-27.4727415
Br5760	-0.767563	-0.157165	-1.09017	-0.243331761	-0.771885924	2.46075483	3.23624323	-2.42170761	-2.35463544	-4.7815807	-12.1289328	-11.4650791	0.708370927	0.502460007	0.890960818	0.815947229	-0.31209779	-1.64889868	-3.51561465	-5.41228177	-5.71638937	1.1095047	0.818465553	-1.79070572	-0.538333163	-3.83547069	-8.85322551	-12.5690488	-11.9705403	-12.1565267
Br5799	-0.159295	0.159928	-0.931973	0.040060429	-0.96416945	2.58177344	2.45490955	-1.46025808	1.12665208	0.375105793	-2.96893858	-0.955996978	0.58386377	0.565270953	1.61954095	3.10939092	3.17247489	2.78747353	1.91106997	-0.474767918	-0.395960692	-0.592541749	-1.61694154	-4.91455024	-6.74472211	-3.48780219	-9.60333902	-16.9934964	-18.4050589	-17.5632759
Br5803	-0.108981	-0.0415272	-1.49221	0.181793241	-0.422521969	1.94186679	0.710910836	-4.49904836	-1.33753091	0.327237909	-3.78513073	-3.0892892	-0.12015791	-0.111434755	-0.195055963	1.12761876	0.547631299	-0.0279575267	-1.03705482	-3.8624665	-3.90974281	0.935457223	0.367462071	-2.89127075	-4.17560573	-8.13699327	-16.6231399	-25.9005722	-32.4518882	-32.4748555
Br5831	-0.576454	-0.0954946	-1.50597	-1.22956864	-2.34603492	-0.120542267	-0.592638716	-4.95515776	-7.8001062	-7.61712407	-14.6353902	-13.5931757	-1.29089411	-1.28324179	-1.17721623	-0.0425790416	-1.15329891	-2.1206147	-2.69797229	-6.04372596	-5.92658946	-6.86613706	-8.09264373	-12.0792085	-13.226003	-12.4985879	-16.0910401	-22.0995859	-18.2008007	-16.929097
Br5834	-0.58433	-0.29656	-1.10577	0.672170418	0.256803438	3.62285308	3.59146022	-0.83925381	-1.41148995	-3.46028668	-9.24924888	-7.81768514	-0.0983007863	-0.106550245	-0.0333509812	0.696362011	-0.490406002	-2.70628283	-5.35149441	-8.07130662	-8.24126134	0.294888342	-0.0811849925	-0.193509104	-0.718239145	1.42315239	-4.05106968	-10.3125043	-11.6161029	-11.7697491
Br5840	-0.101582	-0.165021	-0.400815	0.467444935	-0.504870832	3.43395436	5.19065153	4.50832424	10.6994488	10.8672789	6.45334704	6.89561046	0.415961742	0.615009742	1.14442121	2.01036819	1.679199	0.990409579	-0.083089954	-3.62954114	-3.93952964	1.90474286	1.70158157	-0.121669058	-1.33031618	-1.7258841	-4.98734869	-11.2044058	-9.75878696	-9.18987823
Br5856	-0.54176	-0.359369	-0.194392	0.261462992	-0.246704398	1.91631176	1.60187508	-6.17390131	-10.7875932	-10.5304972	-18.6491522	-17.7521595	0.134145746	-0.109065687	0.536904412	1.0944018	1.25998449	-1.66421569	-3.46363582	-6.48857869	-6.50789448	0.052898278	0.0433924008	0.207548696	0.848753442	3.77372862	-4.07591648	-10.984764	-13.4997566	-12.377841
Br5861	-0.589899	-0.31616	-1.33457	-0.243115771	-0.886409134	0.512224589	-0.480062318	-5.4494148	-7.23176412	-6.28500412	-14.5702166	-14.0202401	-0.207050445	-0.511610948	0.0121433239	1.4646802	0.129626754	-2.70105658	-5.03675778	-8.85675967	-9.03582318	0.312907822	0.0340090463	-2.59731175	-2.84174636	-2.98280937	-12.2774166	-16.641224	-19.9403925	-20.0780206
Br5902	0.135941	-0.109095	0.192218	1.15385983	1.14198503	4.60230732	4.93256535	0.887741832	2.40514239	0.357925124	-1.72993354	-1.4189431	-0.051545229	0.0554919824	0.700066485	2.06595046	1.51709792	0.389071946	-1.67633253	-5.33575811	-5.41733164	1.65448088	1.89243405	1.94914062	1.67639137	5.37086949	4.41653851	0.0130319392	0.73292115	0.502949564
Br5910	-0.643099	-0.185563	-2.3501	-1.30804258	-2.51356445	-0.083226222	-1.74117211	-6.82778382	-7.39646004	-6.53919846	-11.9763238	-11.2606561	-0.975290368	-1.16905217	-0.710968601	-0.748352043	-2.18151974	-2.23934873	-2.84571593	-6.5034318	-6.82833949	-5.99105489	-6.13383544	-10.6892582	-11.1216322	-14.3535682	-17.0674895	-23.5187602	-24.9803296	-25.3694608
Br5916	-0.68143	-0.305551	-0.298876	-0.453537795	-1.48670875	1.17063179	-0.0049940549	-5.37826599	-5.40649651	-4.54821574	-13.3386401	-13.3711972	-0.278611749	-0.335415367	-0.151936258	0.259493913	-0.724659389	-1.13592858	-2.34536938	-6.38411642	-6.66734801	0.33158613	0.520940933	-0.160231142	-1.45444267	-1.86692963	-2.53027236	-7.4936725	-9.43680776	-8.38530423
Br5920	-0.187793	0.0726794	-1.09533	0.211746339	-0.127971178	2.4326805	3.51398506	-0.768058415	-0.11326867	0.0251629098	-5.41330078	-4.32182019	-0.272842745	-0.321083583	0.679874333	2.02211714	0.897276183	1.07763204	0.391112507	-3.47156413	-3.22171417	0.466497072	0.34596776	-1.67407171	-4.48408164	-4.70129233	-4.46457124	-12.3667429	-12.9753971	-12.4697022
Br5939	-0.207687	0.217463	-0.914061	0.505617771	0.325394453	3.98844563	4.15681867	1.09110014	2.4530806	3.17883472	-1.70594304	-0.0555720075	0.395335083	0.758195019	1.47375107	2.70474787	2.31479838	0.663455039	-0.235056097	-2.09468657	-1.7518379	0.355452644	-1.09313338	-4.24650317	-0.990863888	2.21497306	-4.72921746	-12.4720764	-15.1163798	-15.6605838
Br5958	-0.563206	-0.0658945	-0.364706	-0.387304396	-1.11459558	0.728058927	-0.576035353	-6.62012585	-8.27426958	-8.91081953	-15.9497001	-16.5859293	0.0490911569	-0.0953992694	0.393874538	1.95790966	0.530909147	-1.23466121	-2.74335033	-7.68681403	-7.67788347	0.141529078	0.458290363	-0.248857929	0.0486910435	0.061447818	-4.66181084	-11.0780793	-8.99109276	-8.57645071
Br5960	0.0268449	0.0103142	-0.970634	0.0323490976	-0.061153078	2.90897203	6.46707276	5.24866684	8.37671631	10.5271416	1.27820743	2.75250297	-0.102088516	-0.32227531	0.951456713	3.35351646	2.29907207	2.25432207	0.519930336	-4.02615543	-3.70987787	0.282397471	0.616169606	-3.92659829	-4.78266796	-2.89497223	-6.70622057	-12.0541093	-21.3080887	-20.7997881
Br5993	-0.777752	-0.15033	-2.31686	-1.61524547	-3.06824532	-0.447603197	-0.717967122	-8.31239957	-10.9729428	-12.5713267	-18.8699796	-18.2746807	-1.09807888	-1.7021804	-1.1428866	0.596084014	-0.386618679	-1.63467303	-2.5443247	-6.32744574	-6.33233988	-5.12396677	-6.94803167	-11.153272	-14.8012435	-13.6573839	-18.0906476	-24.5062613	-26.569178	-27.6534125
Br6000	-0.140078	0.296131	0.185478	0.709026891	0.336262104	3.95223111	4.44447239	1.00296932	3.70014224	4.21822399	-2.96682086	-2.34240449	0.1442386	0.0842163914	1.35919865	3.20137909	3.83189177	3.13319378	2.53786911	0.484551026	0.439311813	1.21032363	1.70072541	0.622950593	1.09008402	4.8953591	10.291695	8.74139354	13.0179961	13.4222158
Br6016	-0.39277	0.0198585	-1.22992	-0.140031869	-0.792356591	2.15679755	1.44997743	-2.42804469	-2.83981446	-5.89540116	-14.4182482	-13.497159	0.114678229	0.438794253	1.21710009	2.45698005	2.98575765	1.26813264	0.683749106	-3.46914378	-3.51808325	-0.56697581	-1.61418972	-1.91392328	-3.40802783	-6.5287988	-9.35126133	-17.2921844	-19.5711457	-19.988964
Br6021	-0.238323	-0.0971944	-0.803496	0.792930951	-0.29528933	3.47134543	2.83003703	-2.23289234	-1.06553646	-3.51072683	-6.19937888	-5.33236167	0.00145316118	-0.403748729	0.192905748	0.0445684652	0.0105509693	-1.06704349	-1.96965763	-4.71608115	-4.56978232	1.01444026	2.08367242	1.84376511	0.968195233	3.19472307	-4.30120373	-10.5957193	-9.12673402	-9.51583227
Br6114	-0.41067	-0.20919	-1.7872	-0.0500687694	-0.447193687	1.05534111	-0.224446195	-3.72843522	-1.11280412	-2.63502502	-4.38743364	-3.18756543	0.0797858478	-0.0749341165	0.478804409	0.841328491	0.80113906	1.30934469	-0.330163348	-2.29708625	-2.63757089	-0.835730126	-1.45291031	-4.5069202	-7.10997939	-6.89255056	-15.6086948	-21.0147029	-24.4091139	-24.8465821
Br6126	0.106673	0.18131	0.293079	0.495073362	0.171625599	3.48824352	4.31403822	2.59324634	4.8393463	6.45163976	2.70104676	3.68408642	0.0682758733	-0.0331418133	0.396133807	2.23866052	2.15794221	3.36034768	2.70169835	-0.293536685	-0.202583935	0.914354881	1.64990217	0.939845404	2.33166922	9.47112142	8.61851333	0.148683157	1.97765053	3.80395385
Br6148	-0.241374	0.183362	0.053455	-0.239994027	-1.33179107	2.82105891	2.76176345	-0.151929656	-3.58136047	-1.56992066	-3.52717447	-2.94061239	0.170815594	0.513448296	2.84960941	4.13355947	4.52566282	3.48836344	2.46612061	-0.813570438	-0.848632415	1.09531824	1.42880771	-0.605660957	0.309987223	1.95998924	-4.43719678	-11.1859901	-12.6582727	-12.0407684
Br6192	-1.01545	-0.087791	-1.99327	-0.0926069125	-1.01082516	2.08240598	-0.280158257	-6.32646127	-7.48420814	-9.17215246	-14.7408559	-13.553621	-0.000763141176	0.120053488	1.07021414	1.64730863	0.821515885	-0.713911949	-1.71804514	-5.02455954	-4.85964823	0.404158567	-0.271827228	-2.24650763	-4.26992246	-10.6708365	-15.9787466	-23.4649483	-28.6331228	-29.9323329
Br6197	-0.699886	0.0615082	-1.25295	-0.034538469	-1.00175268	2.70777179	4.20473997	-1.92823171	-5.42919649	-6.79456886	-14.6538298	-13.8790696	0.402996762	0.115667462	0.706717925	2.7555403	2.20708248	1.5144316	0.15193827	-3.94589616	-3.31254196	0.393677187	-0.216611776	-1.68781146	-1.58876554	-6.17385341	-10.7112397	-18.4004562	-22.7543622	-22.8936906
Br6203	-0.539425	-0.146512	-1.14497	-0.108564025	-0.959504503	1.7505565	2.72196462	-3.89919158	-1.1410841	0.313057516	-1.62060539	0.0640549287	-0.487969681	-0.258051672	0.102884332	1.43547532	2.64002748	1.91416956	-0.520807067	-2.85104153	-2.70205627	-2.8037064	-3.8846993	-4.34988194	-5.94780407	-2.09918215	-10.6817414	-17.4415035	-21.6313329	-21.1048822
Br6231	-0.671472	-0.0798992	-1.26622	-0.573157411	-1.72775852	0.425890884	-0.267579865	-6.59593517	-10.7526541	-6.88274521	-11.7558962	-11.4994992	-0.158942306	-0.481354081	0.546666386	1.55969755	2.46590072	1.1317079	-0.969657454	-4.89861177	-4.96142251	-0.40911598	-2.03356108	-4.9154786	-4.9324606	-8.11260559	-14.4986996	-21.7510935	-27.822718	-28.6048173
Br6238	-0.53709	0.251503	-0.871178	-0.601546776	-1.26036131	0.999336393	-0.641034492	-4.30218623	-4.27832822	-4.39329328	-7.71900519	-6.72184977	-0.300692356	-0.44606663	0.570358102	2.39487428	2.22218078	1.67893089	1.18936905	0.883801897	1.149919	-4.55471007	-5.78963197	-6.94224345	-6.04820843	-1.25182313	-6.8292542	-10.5503298	-10.0944123	-9.31386005
Br6256	-0.309237	0.116655	-0.886559	-0.380516081	-1.63352865	0.455983276	1.3457369	-2.6683178	-3.50140259	-3.8852051	-8.30967723	-7.52376075	0.108988377	-0.296464701	0.499933773	2.52749245	2.70898177	1.49209074	-0.165938648	-5.20535751	-5.280338	-0.450385421	-1.83026332	-3.66966928	-4.38895745	-5.22056581	-11.8520352	-15.7356286	-17.3040128	-17.0714674
Br6279	-0.651877	-0.150205	-0.284059	-0.523234298	-1.14743627	1.77690693	2.40790483	-4.68654396	-4.5921488	-7.05732055	-13.4824466	-12.8898843	0.484566995	0.0465848482	0.358214591	1.20926587	1.2313483	0.356682618	-0.614564397	-4.49429812	-4.40480676	1.44878494	1.15733991	-0.273726102	2.81458454	1.97402839	-4.21914344	-13.5891329	-18.3404905	-18.0630252
Br6297	-0.583741	0.0138111	-0.999499	0.0506415016	-0.111587678	2.82348749	2.73049882	-3.07965873	-5.99252035	-6.38690711	-12.4537371	-12.1178179	0.709211769	0.586074466	1.51598395	2.10079533	1.23829947	0.864388587	-0.962888897	-3.56233648	-3.00772088	-1.09294258	-1.82319873	-2.5283071	-4.59654506	-6.63604197	-11.2882135	-20.146254	-21.4342562	-21.6226762
Br6316	-0.609961	-0.183446	-0.302003	0.245751364	-1.04587161	2.81315145	3.00009969	-2.97801257	-2.83329429	-5.40605058	-12.4182767	-11.2408008	0.595904627	0.470322777	0.602751839	1.16600652	-1.04102953	-0.718514997	-0.141665196	-4.47840186	-4.57304452	0.723951442	0.774618196	-0.42387197	-0.0515228522	-0.16543614	-1.20788261	-8.20213193	-9.71248498	-9.17602127
Br6320	-0.391252	-0.161819	-0.938422	0.0805618529	-0.783623048	2.55121809	3.57418777	-1.23574491	-0.872022392	-0.0768754859	-4.64865663	-3.68459168	-0.126771383	-0.319217746	-0.395991662	1.20591523	-0.0568001727	0.097575649	-1.80669621	-5.24032111	-5.21756494	0.854579214	0.345898695	-0.113001504	1.97124222	4.8662297	2.67861768	-5.00559718	-10.6852275	-11.166795
Br6344	-0.471689	0.00201811	-1.42139	-0.829853487	-1.81842159	2.0689493	3.08814373	-2.01528674	1.15418012	3.41408703	-0.0484264297	0.605891918	-0.524778571	-0.387504426	0.709185086	1.68807244	2.03863752	3.15932249	2.9311817	1.1179111	1.19447396	-2.48430216	-3.34065953	-4.05349733	-4.41421027	-3.54175035	-9.53752271	-15.6180259	-19.5598948	-19.4878803
Br6366	-0.545907	-0.00776514	-1.17166	0.0284098804	-0.792832962	1.92021435	1.49857342	-4.91018481	-3.38122193	-2.19765903	-10.9368692	-9.7853707	-0.214192076	-0.406732411	0.59211044	0.371406942	-0.182322891	0.596377753	-0.289935241	-2.04881656	-2.18900742	-0.473336069	-1.37756692	-3.84360874	-3.24488428	-4.58663638	-7.12264042	-15.9768956	-18.361673	-17.739263
Br6382	-0.21051	0.0618698	-0.154629	0.437869824	0.32206108	2.63839511	4.28169886	-0.955626047	-2.30619488	0.216319379	-7.52099369	-7.17543595	0.144663826	-0.0855973941	0.0423105557	0.947259787	0.71355327	-0.250802403	-0.595459503	-2.54482663	-2.59612854	1.82239376	1.96974446	0.895452561	2.74522687	-0.0210822318	-2.53968619	-10.4768016	-15.2691477	-15.4716424
Br6413	-0.201962	0.0788342	-0.291399	0.582746391	0.677158704	3.03612007	3.66618398	-1.45985881	2.80175671	3.40493414	-0.838037074	0.753506505	-0.188529551	-0.522127347	0.153384382	1.62682902	1.14265603	1.58576254	0.451277246	-2.02842514	-1.67548051	0.445821179	-0.647398615	-1.47556347	-0.722503156	-3.3300008	-7.36187916	-11.9932735	-18.7650295	-17.6655589
Br6424	-0.374704	-0.120187	-0.71972	-0.080768829	-0.622529684	2.04920711	2.44711212	1.5997132	-0.771562218	0.185555769	-1.23840965	0.314953153	-0.68149968	-0.804995903	-0.528081971	0.224615202	0.423688905	-1.08698307	-2.4207041	-7.73702875	-7.6369354	1.65575672	0.625643082	-0.986072369	1.70815773	-1.56226322	-6.37178009	-15.4166479	-16.065838	-16.0984831
Br6432	-0.637543	-0.19676	-2.27405	-1.06311559	-1.42829239	1.25298869	1.28286614	-4.68814236	-3.26869604	-6.61152602	-11.8666817	-11.0554321	-0.89139138	-0.996896916	-0.787973269	-0.241515075	-2.25064579	-3.6133057	-5.41794431	-8.4816722	-8.99602669	-5.86012388	-7.01610261	-9.89579837	-12.5737755	-17.0555705	-22.0220864	-31.2936421	-32.9075691	-33.5239942
Br6436	-0.385875	-0.0235979	-1.31368	0.315931822	0.31121459	3.73713563	5.17516189	-2.14716591	-0.969109382	-1.20977619	-6.04383213	-5.61241119	0.513755202	0.664684501	1.44333344	3.28619166	2.84790004	2.40871842	1.3948559	-1.23766053	-1.03500286	1.80889006	1.78789499	0.00335648235	-1.1095399	-0.318760325	-6.65137086	-14.7405475	-18.1537973	-17.5279655
Br6450	-0.589897	-0.0783758	-0.903907	0.409320201	-0.517384981	2.58092926	2.84272541	-3.8919204	-6.05108499	-8.22934759	-12.2452278	-11.2879817	0.362083124	0.393018489	1.14376671	2.16537739	1.68991609	1.02483434	-0.0136186918	-4.82463646	-5.38495036	0.181706442	-0.434756454	-2.34208964	-2.29030093	0.640415479	-6.46258377	-11.14473	-13.43803	-12.7513473
Br6471	-0.0385868	-0.292838	-1.18395	0.289065052	-0.640278209	1.18593033	3.55066434	3.0145566	5.3828512	8.40063232	2.46054386	3.18339139	-0.082908149	-0.421564064	0.165101664	0.0236986239	-0.892913411	-3.66359797	-5.48090169	-9.9373788	-9.79838209	0.930462159	-0.106561224	-1.1293977	-0.968478402	3.43319782	-4.55587967	-13.8067449	-12.7847834	-13.3083893
Br6489	-0.0414782	0.000834633	-0.136783	0.369137833	-0.0166730824	2.85929968	4.31371834	4.7603194	8.52128313	8.88499853	4.09036713	5.1098856	-0.234778341	-0.354629605	0.169957617	1.84865293	0.684468782	-0.564914851	-1.48058637	-4.99839577	-5.14386025	-0.457760015	-0.380807017	0.0765003118	2.98138518	5.90359725	1.31141348	-6.02386127	-2.85193468	-2.82855426
Br6499	-0.610072	-0.0524616	-0.737295	0.235157519	-0.129223635	2.19655027	2.72468976	-4.78088602	-8.87715076	-7.63778219	-13.2477385	-12.8582316	-0.0940217698	-0.459276707	0.200972553	1.24366654	1.32783883	1.4922147	0.510764929	-2.62961871	-2.58294211	1.59400963	1.71466396	-0.00953089961	0.257363395	3.4122237	-2.71145622	-9.27147607	-15.7730057	-14.145226
Br6529	-0.840328	-0.330808	-0.4445	-1.96904962	-2.20886305	-0.0467318878	-0.166192603	-8.43937441	-10.7873987	-12.8432431	-18.3119554	-17.993959	-0.670257325	-0.84573598	-0.343836399	0.0456941937	-1.14435685	-3.91154883	-6.40941685	-10.3762844	-10.7119023	-3.36875936	-2.54676306	-4.02458695	-2.58917597	0.493745562	-2.37127408	-9.13538311	-7.89126743	-8.06171904
Br6588	-0.853413	-0.469068	-1.8871	-0.338174838	-1.33035798	2.04052545	1.15001373	-7.1951617	-9.04213075	-13.7156597	-23.3222631	-21.78738	-0.581352833	-0.613904541	-0.258361065	0.647592295	-2.00266104	-3.46672064	-5.56179402	-10.8408233	-10.6091823	-2.34645469	-3.66687965	-5.15148591	-9.15500584	-13.6221423	-20.8458007	-29.679686	-30.0691983	-30.3519984
Br8042	-0.253238	-0.109827	-0.666398	-0.122643207	-0.6156315	1.74881558	3.18782854	-0.0825420055	-0.326706316	0.260491586	-6.61553017	-5.04969712	-0.479399584	-0.516373054	0.0597680129	1.1945785	1.39104754	-0.0648549659	-2.067969	-6.40181632	-5.73431643	-0.601842012	0.0690885867	-2.29116249	-2.02393956	-1.63538073	-6.64173114	-11.7995079	-12.5644637	-13.3233773
Br8073	-0.591309	0.0121089	-1.42201	-0.16639096	-0.636561111	2.50371218	3.35397018	1.11578961	1.6952789	1.99814667	-0.916929734	0.107819374	0.383746259	0.112275569	0.466479302	1.90001275	1.87438322	1.3518999	-0.690460223	-2.69502201	-2.75199057	-2.59319889	-2.32636501	-5.0224268	-6.01564013	-10.0694972	-14.5038282	-18.2031577	-17.8233784	-17.8139421
Br8092	-0.647591	-0.236496	-0.535348	0.23618568	-0.359299212	2.1340153	2.79510008	-3.19189555	-5.52159348	-6.17875082	-10.1686263	-10.7547912	-0.179372623	-0.157782304	0.251548593	0.892709168	0.0842919164	-0.765859779	-2.1989625	-6.1083473	-6.08022413	1.38064401	0.656325492	-0.723454065	-0.394540842	-0.0905999373	-2.70460958	-8.95647856	-9.34211329	-9.39018836
Br8100	-1.02121	-0.171748	-1.37837	-0.19097167	-1.1478015	0.669970312	-1.26061664	-8.76428508	-11.1100483	-12.3202026	-19.466511	-18.9991104	-0.243214345	-0.503572907	0.106326163	1.38516887	1.65421947	1.67624531	0.667004664	-1.86204425	-1.62235285	-0.680817474	-2.08126245	-2.69680884	-2.06003197	-1.09429585	-7.53386474	-15.6592725	-19.6875593	-19.8030047
Br8104	-1.0148	-0.0277766	-1.63291	-1.21477396	-2.43412438	-0.483200263	-0.294576369	-2.62331706	-2.78022128	-2.33944052	-5.18514917	-4.2549195	-0.543199251	-0.652129927	-0.676233372	0.664290188	-0.25266365	-0.802943618	-1.73471146	-4.52469413	-3.89207674	-4.37307824	-4.62753668	-6.21132781	-6.75401961	-7.16227508	-13.1738782	-18.1323353	-20.0119976	-20.9052175
Br8127	-0.81781	-0.250386	-1.68943	-1.64489315	-2.49600017	0.404812263	-0.944979418	-7.70484049	-9.48018071	-10.8430179	-20.5705157	-18.704264	-0.404552811	-1.04673621	-0.686199151	0.0314519673	0.579044932	-1.00258256	-1.88832616	-5.32409097	-4.85272243	-6.10000968	-6.60238377	-8.48541795	-8.64275071	-1.37795386	-0.6651125	-6.74157912	-9.24278962	-8.84649888
Br8134	-0.476638	-0.0525351	-0.57833	0.172709566	0.0864628925	1.837	0.631092569	-5.85614891	-4.41690059	-2.85627255	-8.8118795	-6.92258241	-0.212943219	-0.301003813	-0.354222742	1.02253893	0.777959546	-0.300961827	-0.788191814	-4.76644785	-4.97735339	1.41901067	1.53285862	-0.971514344	-1.30079012	0.0821190176	-3.29090124	-9.52296284	-13.4561622	-14.0380157
Br8136	-0.430345	0.239465	-1.42741	-0.408526441	-1.17557694	2.24767048	3.52518234	-0.695484456	-2.6376394	-4.12609799	-11.8188691	-10.3471254	-0.0684599851	-0.19688407	0.322271227	1.36756775	1.98287617	2.59501868	1.52453851	-1.16039805	-1.2581088	-1.68810692	-2.07948177	-4.9299608	-4.52926934	-3.57857728	-11.2137154	-18.0852665	-22.2398251	-21.4205989
Br8158	-1.00577	-0.247531	-1.34537	-1.08943718	-2.45678537	-0.289615675	-0.50120647	-8.99571187	-12.1578869	-13.9998556	-17.3776221	-16.6165166	-0.0716840345	-0.410221498	-0.776214213	-0.011132432	-0.00242107294	-1.73192465	-3.4925459	-6.06480622	-5.91363378	-1.71505263	-2.04522179	-4.64075081	-5.01732415	-5.87817458	-10.6022317	-16.7667225	-27.0883973	-27.0793606
Br8210	-0.0671967	0.19154	-0.332378	0.175013657	-0.586273973	3.18343879	3.01552373	-0.997954705	6.83192776	5.81652901	2.68967102	3.31123741	0.054585378	-0.00574676	1.60432223	3.0010696	4.66894965	4.30488395	3.7770909	0.15119585	0.485364317	-1.39448087	-1.21114168	-1.65342133	0.84736406	8.24467323	4.25828428	0.419267177	4.17442053	4.0490214
Br8218	-0.211252	0.235746	-1.28762	0.396605062	0.0738824624	3.78934047	4.24191518	2.59941542	0.542506303	2.18375755	-7.06056007	-5.31365697	1.17058375	1.1566453	3.07886525	4.74550075	3.64866959	2.08859156	1.25701886	-2.01911161	-1.84885305	-0.254326575	-0.42948662	-1.90458792	-1.86268642	-1.80995526	-9.68927622	-15.5961811	-13.0788213	-12.5346638
Br8221	-0.367245	0.15166	-1.22428	0.526614532	0.48211736	3.57052469	3.88794234	-2.3991157	-3.03966315	-3.08654221	-12.9749767	-12.1323064	0.790526331	0.436791598	1.60537333	3.30536156	2.29212698	1.36014733	0.201850666	-2.11834294	-1.72258138	-0.591113844	-1.76500929	-1.87517909	-3.98897982	-2.35718377	-10.4620639	-16.5909785	-16.3579105	-15.6950328
Br8237	-0.370257	0.0194257	-1.03211	-0.0834196522	-1.11668072	1.6550589	2.07142059	-2.63229782	-5.95890216	-6.08009247	-8.82607812	-7.802046	-0.0585294412	-0.345410535	1.03711992	2.15231167	0.93864676	1.70842104	0.909136175	-2.29073479	-2.00255176	0.756974093	0.599115955	-2.26151178	-0.507668993	0.0484455882	-3.79403591	-10.280402	-11.8542903	-10.9601099
Br8325	-0.513417	-0.0509769	-2.0044	-1.29380768	-2.20916548	2.71366307	2.7253904	-0.406034122	-0.367301086	-1.86250067	-9.91554489	-9.82568695	-0.0149021337	-0.00609298784	0.315725735	1.48560096	1.5872724	1.13119089	-0.983654212	-4.94584155	-4.92310146	-5.67146467	-5.8302767	-8.41463293	-8.6042671	-7.77874649	-15.3325896	-22.729008	-22.8752222	-23.1132375
Br8404	-0.0434408	-0.0123443	-0.856512	0.447278258	0.172665424	4.32559685	6.63346756	3.898948	4.15277297	1.75249938	-6.68033002	-5.5130439	0.546828622	0.717441662	2.24585936	3.56748822	2.74039047	0.206696118	-1.61725451	-5.51090977	-5.11635096	0.3995955	0.238129453	-1.88696804	-3.23577496	-4.70349922	-10.9935131	-17.8686385	-18.6187595	-18.5683248
Br8433	-0.313787	0.00164462	-1.69124	-0.690606306	-1.07621325	3.77224529	3.18838882	-2.75198974	-0.811126615	-1.98982997	-7.14564828	-6.71819618	-0.478050964	-0.0136867773	1.0292101	2.36053251	2.45809174	2.73644697	1.58320247	-1.7093046	-1.73977104	-3.96375788	-5.44086175	-8.94575978	-8.28605093	-4.80296215	-13.5826934	-19.9531243	-17.3770745	-17.5255773
Br8485	-0.511485	-0.0320056	-0.982043	-0.314669303	-0.822897917	2.15958144	2.9064907	-1.85650515	-1.67633178	-0.0666750208	-6.58466113	-5.16657498	-0.200937412	-0.476981431	0.108919635	1.14974734	1.20754553	-0.534348999	-0.182585801	-2.74100657	-2.66352047	-1.29299101	-1.10773562	-1.45070587	0.388782593	2.93398719	2.35914066	-3.3179244	-4.73718397	-4.36047304
Br8492	-0.689301	-0.178872	-1.39848	-0.169994492	-0.732109444	1.56353892	0.399635854	-3.86506937	-5.13794502	-7.695926	-15.2652416	-14.2854441	-0.105068797	-0.30192097	0.443912902	1.33613029	0.241396357	-1.29656557	-2.47822786	-6.25213597	-6.04927642	-1.51679094	-2.35974935	-5.48622378	-9.40500743	-10.319056	-19.3654047	-25.9758893	-25.3300517	-24.1813945
Br8600	-0.737661	0.224908	-0.609508	0.122431547	-0.546889371	1.23020151	1.28080966	-1.09510743	-8.32751963	-7.87800496	-13.7725052	-13.0268962	0.231651284	0.583767673	1.53421807	3.71458972	3.22582427	2.55536057	0.860684228	-3.36922946	-3.02035234	1.08509344	0.000364600392	-0.431926905	0.496718357	-0.087145962	-10.7237106	-16.2386512	-22.2797917	-22.5177946
Br8665	-0.631156	-0.00856619	-1.63147	-0.342056649	-1.50739532	2.59590263	1.8924868	-2.99365914	-3.80223111	-4.68510673	-11.0453756	-9.12867384	-0.295685164	-0.392366996	0.178547161	1.80462788	1.59128261	1.90308549	1.03178061	-0.179328371	0.200601705	-1.55239393	-1.70935844	-5.32355873	-4.84886793	-5.75035821	-12.4133682	-19.3892513	-23.2501106	-21.6562109
Br8667	-0.736576	-0.0785768	-0.666099	0.0395309718	-0.727785401	1.52894135	2.02577429	-3.43697688	-6.14014321	-7.09621379	-14.8834065	-13.5065237	-0.21175073	-0.327852527	0.187733801	0.362047485	-0.681601715	-0.760100971	-2.13275825	-5.55516235	-5.47497441	1.19308002	0.264886061	-2.75620905	-3.66189669	-2.85503126	-10.4329893	-17.8633548	-19.9356152	-19.6479578
Br8677	-1.09692	-0.0604995	-2.32981	-2.21684334	-3.2957961	-1.25018611	-1.28861284	-8.66748775	-10.3774123	-11.9424028	-18.1184242	-18.3972873	-0.706518596	-0.755439591	-0.0449445161	0.646047921	-1.58502708	-2.40291508	-4.40892823	-7.0241944	-7.06967086	-6.25618636	-6.59502388	-7.69592859	-8.61793857	-8.60985837	-17.0827559	-25.943239	-31.9193043	-32.06396
Br8741	-0.127639	-0.215047	-0.117977	0.632504724	0.258970343	3.47177242	3.45117897	1.33199583	1.89901538	1.26988691	-3.638296	-2.79796054	-0.0106367349	-0.19174712	0.820448827	1.93848596	-0.197199492	-1.4225063	-1.98532987	-5.70139926	-5.43364695	1.33405337	1.25372851	-1.4460531	-0.309068426	1.42972624	2.32369188	-1.74529851	-3.37242392	-2.73514074
